Country_Other,April16,April17,April18,April19,April20,April21,April22,April23,April24,April25,April26,April27,April28,April29,April30,May01,May02,May03,May04,May05,May06,May07,May08,May09,May10,May11,May12,May13,May14,May15,May16,May17,May18,May19,May20,May21,May22,May23,May24,May25,May26,May27,May28,May29,May30,May31,June01,June02,June03,June04,June05,June06,June07,June08,June09,June10,June11,June12,June13,June14,June15,June16,June17,June18,June19,June20,June21,June22,June23,June24,June25,June26,June27,June28,June29,June30,July01,July02,July03,July04,July05,July06,July07,July08,July09,July10,July11,July12,July13,July14,July15,July16,July17,July18,July19,July20,July21,July22,July23,July24,July25,July26,July27,July28,July29,July30,July31,August01,August02,August03,August04,August05,August06,August07,August08
World,"+6,996","+8,672","+5,909","+4,984","+5,366","+7,062","+6,607","+6,618","+6,182","+6,069","+3,751","+4,532","+6,365","+6,593","+5,801","+5,624","+5,215","+3,481","+4,096","+5,786","+6,811","+5,589","+5,550","+4,248","+3,510","+3,403","+5,320","+5,314","+5,317","+5,072","+4,360","+3,618","+3,445","+4,589","+4,685","+4,934","+5,252","+4,183","+2,826","+3,096","+4,048","+5,283","+5,876","+4,873","+4,084","+3,191","+3,053","+4,669","+4,928","+5,511","+4,906","+4,253","+3,383","+3,157","+4,732","+5,165","+4,951","+4,603","+4,229","+3,263","+3,415","+6,592","+5,264","+5,123","+5,066","+4,428","+3,338","+3,880","+5,465","+5,071","+5,179","+4,893","+4,547","+3,454","+3,415","+5,072","+4,847","+5,155","+5,170","+4,494","+3,572","+3,573","+5,515","+5,518","+5,411","+5,416","+4,995","+3,956","+3,719","+5,413","+5,760","+5,742","+5,559","+5,011","+4,317","+4,040","+5,678","+7,121","+6,318","+6,199","+5,689","+4,300","+4,202","+5,580","+7,023","+6,426","+6,430","+5,601","+4,418","+4,374","+6,292","+6,838","+6,458","+6,448","+5,612"
China,0,"+1,290",0,0,0,0,0,0,0,0,0,+1,,,,,,,,,,,,,,,,,,,,+1,,,,,,,,,,,,,,,,,,,,,,,,,,,,,,,,,,,,,,,,,,,,,,,,,,,,,,,,,,,,,,,,,,,,,,,,,,,,,,,,,,,0
USA,"+2,174","+2,535","+1,867","+1,561","+1,939","+2,804","+2,341","+2,342","+1,959","+2,065","+1,157","+1,384","+2,470","+2,390","+2,201","+1,897","+1,691","+1,154","+1,324","+2,350","+2,528","+2,129","+1,687","+1,422",+750,"+1,008","+1,630","+1,772","+1,715","+1,595","+1,218",+865,"+1,003","+1,552","+1,403","+1,418","+1,293","+1,036",+617,+505,+774,"+1,535","+1,223","+1,212","+1,015",+638,+730,"+1,134","+1,083","+1,031",+975,+706,+373,+586,"+1,093",+982,+904,+791,+702,+331,+425,+849,+809,+747,+719,+573,+267,+363,+863,+808,+649,+663,+512,+285,+346,+764,+676,+687,+616,+254,+251,+378,+993,+890,+960,+849,+731,+380,+465,+935,"+1,001",+963,+946,+813,+412,+545,"+1,119","+1,205","+1,166","+1,141",+908,+451,+596,"+1,266","+1,485","+1,465","+1,462","+1,123",+467,+568,"+1,362","+1,311","+1,203","+1,290",+976
Spain,+503,+687,+41,+410,+399,+430,+435,+440,+367,+378,+288,+331,+301,+453,+268,+281,+276,+164,+164,+185,+244,+213,+229,+179,+143,+123,+176,+184,+217,+138,+104,+87,+59,+69,+110,+52,+688,+50,+74,,+280,+1,+1,+2,+4,+2,,,+1,+5,+1,+1,+1,,,,,,,,,,,,,+7,+1,+1,+1,+2,+3,+8,+3,+2,+3,+9,+8,+5,+17,,,+3,+4,+4,+5,+2,,,+1,+3,+4,+3,+4,,,+2,+2,+2,+3,+3,,,,+2,+5,+2,+2,,,+9,+26,+1,+1,+3,0
Italy,+525,+575,+482,+433,+454,+534,+437,+464,+420,+415,+260,+333,+382,+323,+285,+269,+474,+174,+195,+236,+369,+274,+243,+194,+165,+179,+172,+195,+262,+242,+153,+145,+99,+162,+161,+156,+130,+119,+50,+92,+78,+117,+70,+87,+111,+75,+60,+55,+71,+88,+85,+72,+53,+65,+79,+71,+53,+56,+78,+44,+26,+34,+43,+66,+47,+49,+24,+23,+18,+30,+34,+30,+8,+22,+6,+23,+21,+30,+15,+21,+7,+8,+30,+15,+12,+12,+7,+9,+13,+17,+13,+20,+11,+14,+3,+13,+15,+9,+10,+5,+5,+5,+5,+11,+6,+3,+9,+5,+8,+12,+5,+10,+6,+3,+13
France,+753,+761,+642,+395,+547,+531,+544,+516,+389,+369,+242,+437,+367,+427,+289,+218,+166,+135,+306,+330,+278,+178,+243,+80,+70,+263,+348,+83,+351,+104,+96,+483,+131,,+110,+83,+74,+43,+35,+65,+98,+66,+66,+52,+57,+31,+31,+107,+81,+44,+46,+31,+13,+54,+87,+23,+27,+28,+24,+9,+29,+111,+28,+28,+14,+16,+7,+23,+57,+11,+21,+26,,,+18,+30,+18,+14,+18,,,+13,+13,+32,+14,+25,,,+18,,+20,+18,+14,,,+8,+13,+7,+10,+10,,,+9,+14,+15,+16,+11,,,+22,+2,+9,+7,+12,0
Germany,+248,+300,+186,+104,+220,+224,+229,+260,+185,+117,+99,+150,+188,+153,+156,+113,+76,+54,+127,,+282,+117,+118,+39,+20,+92,+77,+123,+67,+73,+26,+22,+74,+70,+77,+39,+43,+14,+5,+57,+70,+35,+37,+24,+6,+5,+13,+56,+25,+37,+27,+6,+7,+7,+48,+13,+7,+12,+4,+3,+15,+25,+17,+19,+14,+1,+1,+7,+17,+17,+9,+14,,+3,+12,+11,+9,+3,+9,+8,+5,+6,+11,+12,+10,+5,+4,,+5,+5,+4,+9,+3,+2,+1,+10,+7,+2,+5,+14,+1,+1,+2,+2,+5,+9,+3,+2,,+6,,+13,+7,+2,+7
UK,+861,+847,+888,+596,+449,+828,+763,+638,+768,+813,+413,+360,+586,+795,+674,+739,+621,+315,+288,+693,+649,+539,+626,+346,+268,+210,+627,+494,+428,+384,+468,+170,+160,+545,+363,+338,+351,+282,+118,+121,+134,+412,+377,+324,+215,+113,+111,+324,+359,+176,+357,+204,+77,+55,+286,+245,+151,+202,+181,+36,+38,+233,+184,+135,+173,+128,+43,+15,+280,+154,+149,+184,+100,+36,+25,+155,+176,+89,+136,+67,+22,+16,+155,+126,+85,+48,+148,+21,+11,+138,+85,+66,+114,+40,+27,+12,+110,+79,+53,+123,+61,+14,+7,+119,+83,+38,+120,+74,+8,+9,+89,+65,+49,+98,+55
Turkey,+125,+126,+121,+127,+123,+119,+117,+115,+109,+106,+99,+95,+92,+89,+93,+84,+78,+61,+64,+59,+64,+57,+48,+50,+47,+55,+53,+58,+55,+48,+41,+44,+31,+28,+23,+27,+27,+32,+32,+29,+28,+34,+30,+28,+26,+25,+23,+22,+24,+21,+18,+21,+23,+19,+18,+17,+17,+15,+14,+15,+18,+17,+19,+21,+23,+22,+23,+24,+27,+24,+21,+19,+17,+15,+18,+16,+19,+17,+19,+20,+19,+16,+19,+22,+18,+23,+21,+19,+19,+20,+17,+21,+18,+17,+16,+17,+18,+19,+18,+17,+16,+17,+17,+15,+14,+15,+17,+19,+18,+19,+18,+19,+14,+15,+16
Iran,+92,+89,+73,+87,+91,+88,+94,+90,+93,+76,+60,+96,+71,+80,+71,+63,+65,+47,+74,+63,+78,+68,+55,+48,+51,+45,+48,+50,+71,+48,+35,+51,+69,+62,+64,+66,+51,+59,+58,+34,+57,+56,+63,+50,+57,+63,+81,+64,+70,+59,+63,+75,+72,+70,+74,+81,+78,+75,+71,+107,+113,+115,+120,+87,+120,+115,+116,+119,+121,+133,+134,+109,+125,+144,+162,+147,+141,+148,+154,+148,+163,+160,+200,+153,+221,+142,+188,+194,+203,+179,+199,+198,+183,+188,+209,+217,+229,+219,+221,+215,+195,+216,+212,+235,+196,+226,+197,+216,+208,+215,+212,+185,+174,+156,+132
Russia,+34,+41,+40,+48,+44,+51,+57,+42,+60,+66,+66,+47,+73,+105,+101,+96,+53,+58,+76,+95,+86,+88,+98,+104,+88,+94,+107,+96,+93,+113,+119,+94,+91,+115,+135,+127,+150,+139,+153,+92,+174,+161,+174,+232,+181,+138,+162,+182,+178,+169,+144,+197,+134,+112,+171,+216,+174,+183,+114,+119,+143,+193,+194,+182,+181,+161,+109,+95,+153,+154,+92,+176,+188,+104,+93,+154,+216,+147,+176,+168,+134,+135,+198,+173,+176,+174,+188,+130,+104,+175,+156,+167,+186,+124,+95,+85,+153,+165,+147,+154,+146,+77,+85,+150,+169,+129,+161,+95,+70,+79,+144,+139,+116,+119,+129
Brazil,+190,+194,+220,+101,+125,+154,+165,+407,+357,+375,+226,+272,+520,+448,+390,+509,+340,+275,+318,+578,+667,+600,+804,+664,+467,+502,+779,+754,+835,+824,+816,+485,+735,"+1,130",+911,"+1,188",+966,+965,+703,+806,"+1,027","+1,148","+1,067","+1,180",+890,+480,+732,"+1,232","+1,269","+1,492","+1,008",+910,+542,+813,"+1,185","+1,300","+1,261",+843,+890,+598,+729,"+1,338","+1,209","+1,204","+1,221",+968,+601,+748,"+1,364","+1,103","+1,180","+1,055",+994,+555,+727,"+1,271","+1,057","+1,277","+1,264","+1,111",+535,+656,"+1,312","+1,187","+1,199","+1,270",+968,+659,+770,"+1,341","+1,261","+1,299","+1,110",+885,+716,+718,"+1,346","+1,293","+1,317","+1,178","+1,111",+556,+627,+955,"+1,554","+1,189","+1,191","+1,048",+514,+572,"+1,394","+1,322","+1,226","+1,058",+841
Canada,+185,+115,+160,+117,+103,+144,+140,+173,+155,+163,+95,+147,+152,+137,+188,+207,+175,+116,+172,+189,+189,+176,+161,+124,+177,+123,+176,+133,+170,+90,+117,+103,+60,+70,+119,+121,+98,+105,+69,+121,+94,+126,+112,+102,+94,+222,+31,+69,+103,+139,+66,+70,+27,+35,+62,+63,+34,+55,+58,+39,+29,+38,+41,+46,+46,+64,+20,+6,+18,+30,+20,+4,+8,+6,+44,+25,+24,+27,+21,+11,+10,+9,+18,+26,+12,+10,+14,+10,+7,+8,+12,+17,+12,+9,+4,+6,+4,+8,+4,+7,+4,+5,+11,+11,+5,+12,+6,+6,+4,+2,+11,+4,+4,+4,+6
Belgium,+417,+306,+290,+230,+145,+170,+264,+228,+189,+238,+177,+113,+124,+170,+93,+109,+62,+79,+80,+92,+323,+76,+106,+60,+75,+51,+54,+82,+60,+56,+46,+47,+28,+28,+42,+36,+26,+25,+43,+32,+22,+30,+24,+42,+23,+14,+19,+19,+17,+26,+18,+14,+15,+11,+13,+10,+7,+10,+4,+5,+6,+2,+12,+8,+12,+1,,,+17,+9,+4,+5,+1,,,+15,+7,+7,+4,+6,,,+3,+2,+2,+3,+1,,,+5,+1,+4,+3,+5,,,+5,,+3,+4,+5,+4,,+1,+11,+3,+4,+1,+4,,+5,+2,+7,+2,+5
Netherlands,+181,+144,+142,+83,+67,+165,+138,+123,+112,+120,+66,+43,+48,+145,+84,+98,+94,+69,+26,+86,+36,+84,+71,+63,+18,+16,+54,+52,+28,+53,+27,+10,+14,+21,+33,+27,+13,+23,+11,+8,+26,+15,+32,+28,+20,+5,+6,+5,+10,+13,+15,+6,+2,+3,+15,+11,+2,+9,+4,+2,+6,+5,+4,+4,+3,+8,+1,,+5,+2,+3,+3,+2,,+2,+6,,,,,+1,+1,+4,+3,+1,,+1,,,,+1,+1,,,,,,+3,,,,,+1,+4,+2,,,+1,+1,,+1,+3,,+1,+3
Switzerland,+42,+46,+41,+25,+36,+49,+31,+40,+40,+10,+11,+55,+34,+17,+21,+17,+8,,+22,+11,+10,+5,+13,+7,+3,+12,+22,+3,+2,+6,+1,+2,+5,+5,+1,+6,+5,+2,+1,+7,+2,+2,+2,,,+1,,,+1,,,,,+2,+11,+2,+1,+1,,,+1,+15,+2,,,,,,,+2,,+4,,,,+1,+2,,,,,,+1,,,,+2,,,,,+1,,,,+2,+1,,+3,+2,,,+1,,+1,+1,+1,,,,,+3,+1,+1,0
India,+26,+38,+35,+38,+33,+53,+36,+40,+59,+45,+56,+58,+69,+71,+75,+69,+100,+68,+175,+127,+92,+104,+96,+116,+111,+82,+121,+136,+98,+104,+118,+154,+131,+146,+132,+150,+142,+142,+156,+148,+172,+190,+177,+269,+205,+223,+200,+221,+259,+275,+286,+297,+261,+266,+246,+388,+394,+389,+309,+321,+395,"+2,006",+341,+342,+366,+307,+426,+312,+468,+424,+401,+381,+414,+384,+417,+506,+438,+377,+444,+610,+421,+474,+479,+491,+479,+521,+543,+500,+540,+588,+614,+680,+676,+543,+675,+596,+671,"+1,120",+755,+761,+690,+716,+636,+776,+779,+783,+765,+852,+758,+810,+849,+919,+899,+940,+875
Peru,+20,+26,+48,+52,+45,+39,+46,+42,+62,+66,+28,+54,+72,+89,+108,+73,+76,+86,+58,+100,+89,+94,+87,+100,+75,+72,+96,+112,+98,+125,+131,+125,+141,+125,+110,+124,+96,+129,+83,+173,+159,+195,+116,+131,+141,+135,+128,+133,+127,+137,+131,+139,+164,+106,+167,+165,+206,+199,+190,+190,+172,+196,+201,+204,+199,+201,+184,+178,+181,+182,+175,+178,+196,+182,+187,+173,+183,+185,+181,+186,+177,+183,+180,+181,+181,+186,+182,+188,+184,+175,+188,+198,+184,+199,+189,+197,+195,+188,+199,+189,+187,+199,+189,+194,+204,+205,+196,+191,+206,+197,+196,+221,+196,+225,+195
Portugal,+30,+28,+30,+27,+21,+27,+23,+35,+34,+26,+23,+25,+20,+25,+16,+18,+16,+20,+20,+11,+15,+16,+9,+12,+9,+9,+19,+12,+9,+6,+13,+15,+13,+16,+16,+14,+12,+13,+14,+14,+12,+14,+13,+14,+13,+14,+14,+12,+11,+8,+10,+9,+5,+6,+7,+5,+7,+1,+7,+5,+3,+2,+1,+1,+3,+1,+2,+4,+6,+3,+6,+6,+6,+3,+4,+8,+3,+8,+11,+7,+9,+6,+9,+2,+13,+2,+8,+6,+2,+6,+8,+3,+3,+2,+5,+2,+6,+5,+3,+7,+4,+1,+2,+3,+3,+2,+8,+2,+1,,+1,+1,+3,+3,+4
Ecuador,+15,+18,+35,+18,+33,+13,+17,+23,+16,0,0,+87,+208,+12,+17,+163,+308,+193,+5,,+49,+36,+50,+13,+410,+18,+182,+7,+4,+256,+94,+48,+63,+40,+49,+51,+117,+40,+12,+95,,+72,+38,+21,,+24,+36,+44,+48,,+48,+74,+13,+21,+48,+30,,+108,+46,+22,+33,+41,+37,+80,+69,,+67,,+51,,+69,+63,+18,+5,+73,+25,+49,+63,+61,+69,+12,+40,+52,,+27,+39,+92,+16,+16,+67,+28,+49,+43,+32,+31,+5,+48,+52,+21,+29,+39,+8,+17,+52,+39,+34,+45,+34,+14,+17,+41,+39,+30,+20,+19
Ireland,+42,+44,+41,+39,+77,+43,+39,+25,+220,+49,+24,+15,+57,+31,+42,+33,+21,+17,+16,+20,+36,+28,+26,+17,+12,+9,+21,+9,+9,+12,+15,+10,+4,+14,+10,+12,+9,+12,+4,,+9,+16,+8,+6,+6,+1,,+8,+1,+5,+6,+8,+1,+4,+8,+4,+8,+2,,+1,,+3,+1,+4,,+1,,+2,+3,+6,+1,+3,+4,+1,,+1,+2,,+2,+1,,,+1,,+5,+1,+2,,,,+2,+1,+3,+1,,,,+1,+9,,+1,,,,,+1,,,,,,,+5,+4,0
Sweden,+130,+67,+111,+29,+40,+185,+172,+84,+131,+40,+2,+80,+81,+107,+124,+67,+16,+10,+90,+85,+87,+99,+135,+45,+5,+31,+57,+147,+69,+117,+28,+5,+19,+45,+88,+40,+54,+67,+6,+31,+96,+95,+46,+84,+45,,+8,+65,+74,+20,+77,+17,+3,+35,+23,+78,+19,+40,+20,,+17,+48,+102,+12,,,,+69,+39,+48,+21,+50,,,+12,+12,+12,+12,+12,,,+3,+11,+12,+13,+11,,,+1,+11,+10,+10,+10,,+1,+1,+10,+3,+10,+10,,,+11,+1,,+9,+9,,,+5,+1,+5,+5,+5,0
Saudi Arabia,+4,+4,+5,+5,+6,+6,+5,+7,+6,+9,+3,+5,+8,+5,+5,+7,+7,+8,+7,+9,+9,+10,+10,+10,+7,+9,+9,+9,+10,+9,+10,+10,+8,+9,+10,+12,+13,+15,+11,+9,+12,+14,+16,+17,+22,+23,+22,+24,+30,+32,+31,+34,+36,+34,+37,+36,+38,+36,+39,+40,+39,+41,+39,+48,+45,+46,+37,+40,+39,+41,+41,+46,+37,+40,+48,+50,+49,+54,+50,+56,+58,+52,+49,+42,+41,+51,+30,+42,+20,+40,+42,+45,+37,+40,+39,+37,+34,+44,+34,+37,+31,+30,+27,+29,+27,+26,+24,+21,+30,+32,+35,+36,+35,+38,+37
Israel,+12,+9,+13,+8,+5,+7,+5,+3,+2,+5,+2,+3,+6,+5,+7,+3,+4,+3,+3,+3,+1,+1,+5,+2,+5,+6,+2,+4,+1,+1,+2,+4,+4,+2,+1,,,,,+2,,,+3,,,+1,,+5,+1,,,+4,+3,,+1,,+1,,,,+2,,+1,,+1,+1,+1,+1,+1,,+1,+5,+3,+1,+1,+1,+2,+2,+2,+4,+1,+3,+8,+2,+4,+3,+3,+8,+3,+6,+5,+8,+8,+9,+8,+6,+10,+5,+12,+6,+9,+13,+4,+12,+5,+9,+12,+14,+10,+10,+15,+4,+11,+5,+12
Austria,+17,+21,+12,+9,+18,+21,+19,+12,+8,+6,+6,+7,+20,+11,+4,+5,+7,+2,+2,+6,+2,+1,+5,+1,+3,+2,+3,+1,+2,+2,+1,,,+3,+1,,+2,+4,+1,+1,+2,+2,+23,,,,,+1,+1,,+2,,,,,+1,+1,+1,+2,,+1,+3,+6,+1,,,+2,,+3,,+5,,+2,+2,+1,+2,,,,,+1,,,,,,,+2,,+1,+1,+1,,,,,,+1,,,+1,,+1,,+3,+2,,,,,+1,,,+1,+1
Mexico,+43,+37,+60,+104,+36,+26,+145,+113,+99,+152,+84,+46,+83,+135,+163,+127,+113,+89,+93,+117,+236,+197,+257,+199,+193,+112,+108,+353,+294,+257,+290,+278,+132,+155,+334,+424,+420,+479,+190,+215,+239,+501,+463,+447,+371,+364,+151,+237,+470,"+1,092",+816,+625,+341,+188,+354,+596,+708,+587,+504,+424,+269,+439,+730,+770,+667,+647,+387,"+1,044",+759,+793,+947,+736,+719,+602,+267,+473,+648,+741,+679,+654,+523,+273,+480,+895,+782,+730,+665,+539,+276,+485,+836,+579,+668,+736,+578,+296,+301,+915,+790,+718,+737,+729,+306,+342,+854,+485,+639,+688,+784,+274,+266,+857,+829,+819,+794
Singapore,0,+1,0,0,0,0,+1,0,0,0,0,+2,,,+1,+1,+1,+1,,,+2,,,,,+1,,,,,+1,,,,,+1,,,,,,,,,,,+1,,,,,+1,,,,,,,+1,,,,,,,,,,,,,,,,,,,,,,,,,,,,,,,+1,,,,,,,,,,,,,,,,,,,,,,,,,0
Japan,+12,0,+32,+14,+27,+18,+18,+29,+17,+15,+12,+13,+9,+19,+17,+25,+19,+13,+49,+20,,+21,+13,+17,+17,+9,+24,+21,+19,+16,+12,+19,+5,+19,+3,+6,+19,+12,+12,+10,+16,+12,+9,+7,+12,+5,+1,+2,+6,+3,+4,+7,+2,,,+3,+1,+2,+2,+1,,+2,+4,+4,,+17,+1,,+2,+8,+5,+1,+2,,+1,,+2,+1,+1,+1,,,+1,+2,+1,+1,,,,,+2,+1,,,,,+3,+1,+1,+2,+1,+3,,+2,+3,+3,+2,+5,,+1,+4,+6,+4,+7,+6
Chile,+11,+11,+10,+7,+6,+8,+13,+8,+6,+7,+8,+9,+9,+9,+11,+7,+13,+13,+10,+5,+6,+4,+9,+10,+8,+11,+12,+11,+22,+26,+27,+29,+28,+31,+35,+45,+41,+43,+45,+43,+45,+35,+49,+54,+53,+57,+59,+75,+87,+81,+92,+93,+649,+74,+19,+192,+173,+222,+231,+222,+39,+21,+232,+226,+252,+202,+184,+23,+3,+226,+172,+165,+279,+162,+66,+113,+65,+167,+131,+141,+116,+76,+50,+139,+109,+99,+100,+98,+45,+45,+117,+104,+98,+98,+58,+130,+44,+45,+116,+76,+106,+92,+75,+53,+38,+99,+80,+76,+75,+99,+38,+47,+97,+69,+53
Pakistan,+17,+7,+8,+25,+8,+25,+11,+23,+18,+16,+12,+11,+20,+31,+18,+56,+20,+20,+19,+38,+30,+41,+14,+37,+23,+8,+57,+37,+9,+33,+31,+39,+30,+36,+46,+32,+50,+34,+32,+34,+30,+28,+35,+57,+78,+88,+60,+78,+67,+82,+68,+97,+67,+65,+105,+83,+101,+107,+88,+81,+97,+110,+136,+118,+136,+153,+119,+89,+105,+60,+148,+59,+73,+83,+49,+137,+91,+78,+78,+68,+93,+50,+77,+83,+61,+75,+65,+74,+69,+54,+66,+40,+49,+47,+46,+31,+40,+38,+32,+54,+24,+35,+20,+23,+27,+32,+27,+19,+6,+8,+15,+15,+21,+17,+16
Poland,+28,+18,+15,+13,+20,+21,+25,+28,+40,+30,+11,+27,+34,+28,+20,+7,+13,+14,+20,+18,+17,+22,+21,+9,+15,+11,+28,+22,+22,+24,+8,+10,+11,+12,+14,+10,+10,+11,+3,+11,+17,+4,+10,+13,+10,+3,+10,+18,+23,+2,+20,+16,+4,+9,+17,+23,+9,+7,+15,+10,+9,+16,+14,+30,+18,+12,+10,+3,+16,+21,+16,+17,+6,+3,+6,+19,+14,+15,+15,+5,+5,+4,+7,+14,+9,+11,+6,+3,+5,+12,+6,+11,+7,+6,+6,+3,+9,+6,+9,+4,+9,+7,+5,+6,+12,+15,+7,+5,+10,+1,+6,+18,+18,+13,+13
Romania,+20,+19,+10,+30,+27,+20,+26,+21,+22,+34,+18,+22,+22,+30,+24,+27,+27,+19,+28,+23,+23,+24,+35,+16,+22,+21,+20,+34,+17,+17,+24,+13,+13,+17,+10,+9,+10,+10,+9,+20,+11,+11,+8,+13,+11,+7,+10,+12,+8,+9,+11,+6,+11,+6,+15,+6,+9,+11,+14,+16,+17,+10,+14,+22,+11,+16,+12,+11,+16,+16,+10,+14,+10,+23,+22,+17,+16,+20,+21,+23,+19,+18,+31,+18,+17,+13,+24,+13,+17,+30,+21,+19,+17,+21,+17,+12,+36,+27,+25,+24,+15,+22,+19,+33,+30,+35,+39,+36,+34,+19,+48,+41,+45,+50,+43
S. Korea,+4,+1,+2,+2,+2,+1,+1,+2,0,0,+2,+1,+1,+2,+1,+1,+2,,+2,+2,+1,+1,,,,,+2,+1,+1,,+2,,+1,,,+1,,+2,,+1,+2,,,,,+1,+1,+1,+1,,,,,,+1,+2,,+1,,,,+1,+1,+1,,,,,+1,,+1,,,,,,,,,+1,,+1,+1,,+2,+1,,+1,,,,+2,+2,+1,+1,+1,,+1,,+1,,,+1,+1,,,+1,,,,,+1,,+1,+1
Belarus,+4,+2,+3,+2,+4,+4,+3,+2,+3,+4,+5,+3,+4,+5,+5,+4,+4,+2,+4,+4,+5,+4,+5,+5,+5,+4,+7,+4,+5,+5,+4,+5,+6,+4,+4,+6,+5,+4,+5,+5,+4,+6,+5,+5,+5,+6,+5,+3,+5,+5,+6,+4,+6,+7,+6,+6,+5,+5,+5,+5,+4,+6,+6,+7,+6,+6,+3,+5,+6,+5,+5,+6,+4,+6,+4,+5,+6,+7,+7,+6,+5,+6,+7,+7,+6,+5,+5,+5,+4,+6,+6,+5,+6,+4,+4,+4,+4,+6,+6,+5,+6,+4,+4,+5,+5,+5,+6,+4,+4,+4,+3,+3,+3,+3,+2
UAE,+2,+2,0,+4,+2,+3,+6,+4,+8,+7,+5,+6,+7,+9,+7,+6,+8,+7,+11,+9,+11,+8,+9,+11,+13,+3,+2,+3,+2,+2,+4,+6,+4,+3,+6,+4,+4,+3,+1,+3,+5,+2,+3,+2,+2,+2,+2,+3,+1,+3,+1,+1,+1,+5,+2,+1,+2,+1,+1,+1,+2,+2,+2,+3,+2,+1,+1,+1,+2,+2,+1,+2,+1,+2,+1,+1,+1,+1,+1,+3,+2,+1,+2,+1,+1,+2,+1,+2,+1,+1,,,+2,+1,+1,+1,+1,+1,,+1,,+1,+1,+2,,+2,+2,,,,,+2,+1,+2,0
Qatar,0,0,+1,0,+1,0,+1,0,0,0,0,,,,,+2,,,,,,,,+1,+1,,,,,,+1,,,,+1,+1,+2,+2,+2,+3,+2,+2,+3,+3,,+2,+2,+3,+2,,+4,+2,+3,+3,+5,+4,+3,+1,,+3,+3,+4,+2,+4,+7,+1,+4,+1,,+5,+2,+3,+1,,+3,,+2,+3,+3,+2,+5,+5,+1,+4,+4,+4,,+1,+2,+1,+1,+1,+1,+1,+3,+2,+1,+3,+1,,,+1,,+2,+2,+2,+3,,+3,,,+1,,+2,+2
Indonesia,+27,+24,+15,+47,+8,+26,+19,+12,+42,+31,+23,+22,+8,+11,+8,+8,+31,+14,+19,+8,+23,+35,+13,+16,+14,+18,+16,+21,+15,+33,+13,+59,+43,+30,+21,+36,+48,+25,+21,+19,+27,+55,+23,+24,+53,+40,+28,+22,+35,+23,+49,+31,+50,+32,+40,+36,+41,+48,+43,+43,+64,+33,+45,+63,+34,+56,+36,+35,+35,+38,+47,+63,+37,+34,+51,+71,+58,+53,+49,+53,+82,+70,+68,+50,+58,+52,+66,+71,+50,+54,+87,+76,+84,+59,+127,+96,+81,+139,+117,+89,+49,+67,+57,+63,+74,+83,+73,+62,+43,+66,+86,+64,+69,+72,+65
Ukraine,+8,+9,+8,+8,+10,+10,+13,+13,+6,+8,+8,+11,+19,+11,+11,+11,+7,+9,+15,+13,+11,+13,+21,+15,+15,+17,+17,+14,+17,+20,+21,+17,+21,+13,+16,+15,+9,+17,+12,+6,+21,+14,+11,+10,+17,+12,+10,+9,+8,+12,+15,+15,+11,+9,+13,+23,+21,+16,+10,+9,+12,+11,+31,+23,+19,+9,+8,+10,+23,+16,+16,+19,+24,+19,+18,+12,+14,+12,+27,+15,+22,+13,+21,+23,+21,+18,+27,+11,+15,+14,+15,+18,+11,+21,+8,+13,+20,+16,+17,+20,+19,+15,+11,+13,+21,+23,+20,+16,+16,+13,+26,+24,+31,+33,+27
Denmark,+12,+15,+10,+9,+9,+6,+14,+10,+9,+15,+4,+5,+7,+9,+9,+8,+15,+9,+9,+10,+3,+8,+8,+4,+3,+4,,+6,+4,,+6,+4,+1,+3,+3,+7,,,+1,+1,,+2,+3,,+3,+3,+2,+4,,+2,+4,+1,+2,+4,,,,+1,+3,,+1,,,+2,,,,+2,+1,,,+1,,,+1,,+1,,,,,+1,+2,,,,,,+1,,,,+1,,,,,,+1,+1,,,,,+1,+1,,,,+1,,,+1,,0
Serbia,+4,+7,+7,+5,+3,+5,+4,+5,+5,+7,+5,+6,+6,+5,+6,+6,+4,+4,+4,+3,+3,+3,+3,+4,+2,+3,+2,+2,+2,+1,+3,+2,+1,+3,+1,+2,,+1,,+1,,+1,+1,+1,,+1,+1,+1,,+1,+1,+1,+1,+1,,+1,+1,,+1,+1,+1,+1,+1,+1,+1,+1,+1,+1,+1,,+1,+1,+2,+3,+4,+3,+4,+6,+11,+8,+5,+6,+13,+11,+11,+18,+12,+11,+12,+13,+11,+13,+10,+9,+11,+10,+9,+8,+9,+10,+8,+8,+9,+8,+7,+7,+8,+9,+8,+8,+7,+9,+7,+5,+6
Philippines,+13,+25,+10,+12,+19,+9,+9,+16,+15,+17,+7,+10,+19,+28,+10,+11,+24,+4,+16,+14,+21,+27,+11,+8,+15,+7,+25,+21,+18,+16,+11,+7,+7,+6,+5,+4,+11,+6,+5,+5,+13,+18,+17,+21,+8,+7,+3,+6,+8,+10,+3,+7,+9,+8,+6,+10,+9,+16,+22,+14,+10,+5,+5,+8,+14,+20,+19,+8,+9,+18,+8,+12,+12,+8,+11,+11,+4,+4,+6,+10,+7,+6,+6,+5,,+46,+12,,+63,+6,+11,+29,+17,+113,+58,+4,+2,+6,+21,+15,+18,+32,+16,+3,+14,+23,+40,+17,+20,+45,+10,+9,+22,+24,+41
Norway,+2,+9,+3,+1,+16,+1,+5,+7,+5,+2,0,+4,+1,+1,+3,,+1,,+3,+1,+1,+1,+1,+1,,+5,+4,+1,+3,,,,+1,,+1,+1,,,,,,,+1,,,,,+1,,+1,,,,+1,,,+3,,,,,,+1,+1,,,,+4,,+1,,,,,,+1,+1,,,,,,,,+1,,,,+1,,,+1,+1,,,,,,,,,,,,,,,,,+1,,,,,0
Czechia,+3,+4,+8,+5,+8,+7,+7,+2,+4,+4,+2,+3,+4,,+9,+4,+5,+3,+4,+5,+5,+8,+3,+3,+4,+2,+1,+7,+3,+2,+1,+2,,+5,+2,+2,+6,+2,+1,+2,,,+2,,,+1,+1,+2,+1,+2,+1,,,+1,,+2,,+1,,+1,+1,+1,+2,+1,+1,+1,,,+3,+4,+2,+4,,+1,,+1,,+4,,,,+2,+1,,+1,,,,+1,+2,,,+3,,+1,,+1,+4,+1,+4,,+2,+2,+1,,+5,+3,+1,+1,+2,,+5,+2,,0
Australia,0,+2,+5,+1,0,0,+3,+1,+4,+1,+3,,+5,+1,+3,+1,,+2,,+1,+1,,,,,,,+1,,,,,+1,+1,,,+1,+1,,,,+1,,,,,,,,,,,,,,,,,,,,,,,,,,,,+1,+1,,,,,,,,,,,+2,,,,,+1,+1,,,+3,+2,+3,+2,+4,+1,+3,+2,+5,+6,+6,+10,+6,+6,+9,+13,+8,+4,+7,+13,+11,+15,+8,+11,+12
Dominican Republic,+7,+4,+17,+9,+9,+10,+15,+5,+2,+6,+5,+4,+4,+7,+8,+12,+13,+7,+13,+8,+8,+11,+7,+5,+3,+5,+9,+7,+13,+2,+4,,+6,+7,+5,+2,+8,+2,,+2,+8,+6,+11,+3,+10,+4,,+13,+1,+4,+5,+11,+2,+1,+5,+6,+11,+7,+9,+15,+13,+10,+18,+2,+12,+8,+7,+7,+6,+16,+7,+14,+6,+8,+7,+14,+7,+11,+10,+11,+8,+10,+17,+8,+13,+22,+16,+17,+6,+7,+19,+12,+1,+29,+10,+12,+6,+6,+1,+30,+19,+8,+20,+18,+22,+23,+14,+10,+8,+5,+30,+9,+24,+13,+30
Malaysia,+1,+2,+2,+1,0,+3,+1,+2,+1,+2,0,+1,+1,,+2,+1,,+2,,+1,+1,,,+1,,+1,,+2,+1,,+1,,,+1,,,+1,,,,,,,,,,,,,,+1,+1,,,,+1,,+1,+1,+1,,,,,,,,,,,,,,,,,,,,,,,,,,,+1,,,,,,,,+1,,,,,,,+1,,,,,+1,,,,,,,,0
Panama,0,+6,+7,+4,+6,+10,+5,+3,+2,+8,+5,+6,+2,+9,+2,+10,+4,+5,+3,+3,+7,+8,+7,+6,+6,+7,+5,+3,+4,+4,+6,+3,+6,+6,+6,+4,+4,+4,+7,+4,+3,+2,+5,+6,+4,+6,+8,+8,+5,+6,+7,+16,+7,+5,+5,+10,+5,+3,+8,+8,+11,+9,+13,+5,+10,+8,+8,+20,+15,+11,+17,+11,+17,+12,+16,+11,+14,+22,+31,+22,+27,+23,+29,+20,+20,+24,+30,+16,+23,+28,+22,+18,+38,+33,+25,+31,+32,+21,+29,+41,+25,+19,+28,+27,+25,+23,+24,+28,+22,+26,+25,+31,+21,+17,+18
Bangladesh,+10,+15,+9,+7,+10,+9,+10,+7,+4,+9,+5,+7,+3,+8,+5,+2,+5,+2,+5,+1,+3,+13,+7,+8,+14,+11,+11,+19,+14,+15,+16,+14,+21,+21,+16,+22,+24,+20,+28,+21,+21,+22,+15,+23,+28,+40,+22,+37,+37,+35,+30,+35,+42,+42,+45,+37,+37,+46,+44,+32,+38,+53,+43,+38,+45,+37,+39,+38,+43,+37,+39,+40,+34,+43,+45,+64,+41,+38,+42,+29,+55,+44,+55,+46,+41,+37,+30,+47,+39,+33,+33,+39,+51,+34,+37,+50,+41,+42,+50,+35,+38,+54,+37,+35,+35,+48,+28,+21,+22,+30,+50,+33,+39,+27,+32
Colombia,+13,+9,+13,+13,+10,+7,+10,+9,+10,+8,+11,+9,+16,+9,+15,+21,+10,+16,+18,+20,+19,+10,+21,+17,+18,+16,+14,+16,+16,+21,+16,+12,+18,+21,+17,+22,+30,+23,+22,+23,+26,+27,+19,+31,+37,+49,+30,+40,+36,+42,+58,+60,+54,+49,+64,+61,+55,+57,+47,+75,+59,+75,+63,+86,+95,+81,+111,+73,+94,+87,+163,+157,+128,+167,+117,+111,+136,+171,+136,+165,+122,+146,+149,+168,+187,+211,+194,+188,+148,+170,+189,+215,+259,+228,+220,+193,+237,+207,+315,+287,+294,+256,+252,+297,+380,+356,+295,+225,+320,+367,+298,+309,+315,+311,+290
Finland,+3,+7,+8,+4,+4,+43,+8,+23,+5,+9,+4,+3,+6,+7,+5,+7,+2,+10,+10,+6,+6,+3,+5,+5,+2,+4,+4,+9,+3,+6,+4,+1,+2,+1,+3,+2,,,+1,+1,+4,+1,,+1,+2,+4,,+2,+1,+1,,,+1,,+1,,+1,,,+1,,,,,,,,+1,,,,+1,,,,,,,+1,,,,,,,,,,,,,,,,,,,,,+1,,,,,,,,,,,+2,,,,0
South Africa,+14,+2,+2,+2,+4,0,+7,+10,+4,+7,+1,+3,+3,+10,,+13,+7,+8,+7,+10,+5,+8,+17,+8,+8,+12,,+13,+19,+9,+14,+3,+22,+26,+27,+30,+28,+10,+22,+52,+43,+28,+25,+34,+32,+40,+22,+50,+37,+56,+60,+44,+46,+82,+82,+48,+74,+70,+69,+57,+88,+57,+49,+63,+94,+46,+53,+61,+111,+103,+87,+48,+73,+43,+73,+128,+92,+95,+108,+74,+173,+111,+192,+100,+118,+140,+111,+108,+93,+174,+107,+216,+135,+144,+85,+140,+195,+572,+153,+250,+312,+114,+298,+190,+240,+315,+193,+148,+213,+173,+345,+414,+306,+305,+301
Egypt,+13,+9,+19,+15,+11,+14,+12,+11,+7,+13,+10,+20,+22,+21,+12,+14,+9,+14,+7,+16,+17,+13,+21,+11,+11,+8,+11,+12,+15,+21,+20,+18,+15,+14,+21,+16,+11,+28,+29,+19,+14,+19,+29,+34,+34,+46,+46,+47,+36,+38,+40,+32,+39,+34,+35,+36,+35,+45,+62,+91,+97,+94,+84,+88,+79,+89,+87,+85,+87,+85,+83,+87,+88,+81,+83,+81,+81,+86,+81,+79,+63,+79,+67,+75,+53,+85,+67,+89,+77,+73,+59,+53,+68,+63,+51,+50,+47,+41,+40,+38,+40,+48,+46,+39,+37,+46,+31,+29,+31,+23,+24,+18,+21,+20,+21
Morocco,+3,+5,+2,+4,+2,+2,+4,+6,+3,+1,+2,+1,+3,+3,+2,+1,+2,+1,+5,+2,+2,,+3,,+2,,,,+2,,+2,,,+1,+1,+2,+1,+1,+1,+1,+2,,,,+2,+1,,+1,,+2,,,,,+2,+1,,+1,,,,,+1,,,,+1,,,+2,+1,+1,+2,+1,+4,+3,,+1,+1,+2,+3,+2,+3,+2,,+1,+2,+5,+5,+2,+2,+4,+1,+5,+4,+3,+4,+5,+7,+7,+6,+8,+3,+11,+7,+12,+7,+14,+15,+19,+16,+18,+14,+12,+19
Argentina,+10,+1,+9,+2,+8,+9,+8,+6,+11,+9,+7,+5,+10,+7,+4,+7,+12,+9,+14,+4,+9,+9,+11,+7,+5,+9,+5,+10,+24,+3,+7,+10,+9,+11,+10,+13,+17,+12,+7,+15,+17,+16,+8,+12,+8,+11,+17,+13,+14,+25,+24,+16,+16,+29,+24,+18,+30,+20,+30,+18,+21,+24,+35,+35,+31,+13,+19,+32,+35,+38,+34,+34,+23,+25,+48,+27,+44,+34,+52,+44,+26,+75,+62,+50,+26,+54,+36,+35,+58,+65,+82,+62,+66,+42,+40,+113,+117,+98,+114,+105,+86,+46,+120,+120,+109,+153,+102,+53,+52,+165,+166,+127,+145,+160,+112
Luxembourg,0,+3,0,+1,+2,+3,+2,+3,+2,0,+3,,+1,,+1,+2,,+4,,,+2,+2,,+1,,,+1,+1,,+1,,+3,,+2,,,,,+1,,,,,,,,,,,,,,,,,,,,,,,,,,,,,,,,,,,,,,,,,,,,,,,,,+1,,,,,,,,,,,+1,,,,,+1,+1,,,+2,+1,+1,,,+1,,+1
Moldova,+8,+2,+1,+10,+3,+2,+3,+5,+4,+10,+2,+6,+1,+8,+5,+6,+2,+1,+7,+4,+7,+2,+5,+11,+8,+6,+7,+3,+9,+8,+5,+4,+6,+4,+7,+5,+4,+5,+8,+11,+6,+7,+8,+6,+3,+4,+10,+2,+3,+5,+8,+8,+10,+12,+12,+6,+4,+10,+13,+8,+5,+12,+10,+11,+6,+14,+9,+7,+10,+5,+7,+13,+6,+9,+6,+9,+4,+11,+12,+8,+5,+7,+11,+11,+10,+11,+5,+2,+7,+6,+4,+7,+9,+5,+4,+11,+12,+5,+7,+7,+6,+3,+13,+5,+6,+12,+7,+10,+3,+9,+10,+13,+5,+7,+6
Algeria,+12,+16,+3,+8,+9,+8,+10,+5,+8,+4,+6,+7,+5,+7,+6,+3,+6,+4,+2,+5,+6,+7,+5,+6,+8,+5,+8,+7,+7,+7,+6,+6,+7,+6,+7,+7,+7,+10,+8,+9,+8,+6,+7,+8,+8,+7,+8,+6,+6,+8,+9,+8,+9,+8,+9,+8,+9,+10,+9,+7,+10,+11,+11,+12,+14,+12,+8,+7,+9,+8,+9,+7,+7,+5,+8,+7,+8,+8,+9,+9,+6,+7,+9,+10,+10,+8,+8,+7,+7,+10,+12,+12,+5,+11,+10,+9,+13,+11,+13,+12,+10,+9,+8,+11,+12,+14,+10,+13,+8,+8,+9,+13,+12,+9,+11
Kuwait,0,+2,+1,+1,+2,+2,+2,+1,+1,+4,+1,+2,+1,+1,+2,+4,+3,+5,+2,,+2,+2,+3,+2,+9,+7,+10,+7,+6,+8,+11,+5,+6,+3,+3,+5,+9,+10,+8,+9,+7,+3,+10,+9,+11,+7,+8,+6,+4,+6,+8,+10,+10,+5,+4,+2,+4,+6,+4,+7,+2,+5,+3,+2,+5,+6,+7,+4,+4,+3,+2,+2,+3,+4,+2,+4,+4,+1,+1,+5,+3,+5,+4,+2,+3,+1,+3,+4,+3,+3,+3,+3,+2,+3,+1,,+4,+5,+4,+4,+4,+4,+5,+4,+2,+1,+2,+6,+4,+4,+4,+3,+1,+2,+3
Thailand,+3,+1,0,0,0,+1,+1,+1,0,+1,0,+1,+2,,,,,,,,+1,,,+1,,,,,,,,,,,,,,,,+1,,,,,,,,+1,,,,,,,,,,,,,,,,,,,,,,,,,,,,,,,,,,,,,,,,,,,,,,,,,,,,,,,,,,,,,,,,,,,0
Kazakhstan,+1,0,0,0,+2,0,0,+1,+5,0,0,,,,,,,+2,+2,,+1,,+1,,,+1,,,,+2,,,+1,,,,,,,,+2,,,,+1,+2,+1,+3,+4,+4,,+1,,+3,+5,+6,,+3,+3,+4,+4,+7,+9,+3,+13,+5,+2,+7,+7,+2,+4,+10,+16,+12,+10,,,,,,,+13,,,,,,+21,,,,,,,,,,,,,,,,,,,,,,,,,,,0
Bahrain,0,0,0,0,0,0,0,+1,0,0,0,,,,,,,,,,,,,,,,+1,+1,,+2,,,,,,,,+1,+1,,,+1,,,+2,+2,,,+1,+1,+1,+2,+2,+1,+2,+2,+3,+2,+1,+5,+4,+1,+2,+6,+2,+3,+3,+2,+2,+2,+2,+2,+5,+5,+1,+3,+5,+2,+1,+1,+1,+1,,,+5,+1,,+4,+1,+2,+6,+4,+3,,+2,+2,+1,+1,+4,+2,+1,+3,+1,,+3,+2,+1,,,+3,+1,+3,+2,+3,+2
Greece,+3,+3,+2,+3,+3,+5,0,+4,+5,0,+4,+2,+2,+1,+1,,+3,+1,+2,,+1,+1,+2,+1,,,+1,+3,+1,+4,+2,+1,+2,,+1,+2,+1,+2,,+1,+1,,+2,,,,+4,,,+1,,,,+2,+1,,,,,,+1,+1,+2,+1,+1,+1,,,,,+1,,,,,+1,,,,,,,+1,,,,,,,,,,+1,,,+1,+2,+3,+1,,,+1,,+1,,,+3,,+2,+1,,+1,,,+1
Hungary,+8,+14,+16,+17,+10,+14,+12,+14,+11,+12,+10,+8,+11,+9,+12,+11,+12,+5,+11,+12,+10,+10,+9,+13,+8,+8,+4,+5,+6,+6,+6,+3,+11,+5,+3,+3,+3,+6,+4,+5,+8,+6,+4,+8,+7,+2,+1,+5,+2,+5,+3,+3,+1,+2,+2,+1,+2,+2,+4,+3,+1,+2,+2,+1,,+2,,+2,+1,+3,+1,+1,,+3,+4,,+1,+1,+1,+1,,,,,+2,+2,+2,,,,,,,+1,,,,,,,,,,,,,,+1,,,+1,+1,+1,+2,0
Croatia,+2,+1,+3,+8,0,+1,0,+2,+1,+3,+1,+4,+4,+4,+2,+6,+2,+2,+1,+3,+2,+1,,+1,+3,+1,,+3,,+1,,,,+1,,+1,+2,,,+1,+1,,+1,+1,,,,,,,,+1,,,+2,,,+1,,,,,,,,,,,,,,,,,,,+1,+2,+2,+1,,,,+1,+1,+2,+1,+1,,+1,,,,,,+2,+1,+2,+3,,+5,+3,+3,+1,+1,+3,+1,,+4,+4,+1,,+1,,+2
Oman,0,+2,0,+1,0,+1,0,+1,+1,0,0,,,,+1,,+1,,,+1,,+2,+1,+1,,,,,+1,+2,+1,+1,+3,+2,+3,+1,+3,+2,+1,,,+2,+1,+1,+1,+7,+1,+9,+8,,+5,,+3,+6,+2,+1,+5,+7,+3,+5,+4,+6,+2,+3,+6,+3,+3,+6,+3,+2,+2,+9,+6,+4,+6,+7,+9,+3,+5,+10,+10,+5,+6,+9,+3,+8,+4,+9,+2,+14,+8,+9,+8,+10,+10,+8,+11,+12,+6,+4,+12,+13,+9,+9,+10,+9,,,,,,+6,+4,+10,+7
Uzbekistan,0,0,+1,0,0,+1,+1,0,+1,0,0,,,+1,,,,+1,,,,,,,,,,+1,,,,+1,+1,,,,,,,,+1,,,,,+1,,,+1,,,+1,,+1,,+1,,,,,,,,,,,,,,,+1,,,+2,+1,+3,,+1,+2,+2,+3,+3,+3,+5,+6,+3,+3,+3,+4,+3,+4,+4,+4,+4,+2,+5,+5,+3,+4,+4,+5,+5,+5,+5,+5,+5,+5,+6,+4,+6,+8,+6,+4,+6,+6
Iraq,+1,+1,+1,0,0,+1,0,0,+3,0,+1,+1,+2,+2,+1,+1,+1,+2,+1,+4,,,+2,+3,+2,+1,+2,+3,,+2,+4,+2,+4,+4,+3,+6,+7,+5,+8,+3,+6,+6,+4,+6,+10,+10,+10,+20,+21,+15,+14,+33,+28,+24,+22,+34,+31,+39,+53,+58,+45,+60,+61,+83,+69,+88,+87,+67,+84,+79,+107,+122,+101,+96,+83,+104,+107,+110,+102,+106,+105,+94,+118,+94,+103,+78,+95,+95,+100,+95,+87,+90,+94,+75,+90,+88,+81,+92,+80,+90,+72,+78,+96,+77,+68,+68,+70,+64,+63,+66,+83,+77,+67,+75,+74
Iceland,0,+1,0,0,+1,0,0,0,0,0,0,,,,,,,,,,,,,,,,,,,,,,,,,,,,,,,,,,,,,,,,,,,,,,,,,,,,,,,,,,,,,,,,,,,,,,,,,,,,,,,,,,,,,,,,,,,,,,,,,,,,,,,,0
Armenia,+1,+1,+1,0,+2,+2,0,0,+3,+1,0,+1,+1,,+2,+1,,+2,+4,+1,,+2,+1,+1,+1,+1,+1,+1,+1,+3,+3,+5,+1,+3,+3,+3,+4,+3,+4,+6,+4,+7,+15,+7,+7,+4,+8,+19,+12,+6,+7,+7,+10,+11,+6,+10,+18,+13,+6,+5,+16,+8,+9,+7,+10,+13,+18,+10,+12,+14,+11,+13,+11,+5,+7,+10,+10,+6,+10,+8,+7,+7,+12,+18,+14,+11,+13,+6,+8,+8,+11,+15,+13,+11,+10,+9,+12,+16,+10,+4,+8,+5,+6,+8,+4,+5,+10,+11,+5,+8,+6,+2,+2,+5,+8
Azerbaijan,+2,0,+3,+1,0,+1,0,0,+1,0,0,+1,,+1,+1,+1,,,+1,,+2,,,+3,+1,,+1,+2,,+1,,+3,+1,+1,+2,+1,+2,+3,,+2,+1,+2,+2,+2,+3,+2,+5,+3,+5,+2,+4,+2,+4,+5,+5,+4,+6,+5,+2,+4,+3,+4,+7,+6,+4,+5,+6,+7,+6,+7,+6,+7,+6,+5,+8,+7,+7,+8,+7,+6,+9,+8,+7,+9,+10,+8,+6,+8,+7,+6,+7,+8,+7,+8,+5,+9,+13,+9,+6,+9,+8,+9,+6,+7,+8,+3,+7,+6,+8,+6,+5,+3,+3,+4,+5
Estonia,+1,+2,0,+2,0,+3,+1,+1,+1,0,+3,+1,,,+2,,+1,+2,,,,+1,,+4,,+1,,,+1,+1,,,+1,,,,,,,+1,,+1,,+1,,+1,,,+1,,,,,,,,,,,,,,,,,,,,,,,,,,,,,,,,,,,,,,,,,,,,,,,,,,,,,,,,,,,,,,,,,,0
Cameroon,+5,0,+20,0,0,+1,0,0,0,+10,+3,+2,,+3,,,+3,,,,+44,,,,+6,+11,,+11,+3,,+1,,,,+6,+10,+3,,+6,,+10,,,+2,+14,,+8,+1,,+3,+2,+7,,,,,,,,,+64,,,,+6,+1,+2,+5,+5,,,,,,,,,,,,,,+46,,,,,,,,,+14,,,,,+9,,,+3,,,+6,,,,,,,,,,,,+4
Ghana,0,0,+1,0,0,0,0,0,+1,0,+1,,+5,,+1,,+1,,,,,,,+4,,,,+2,,+4,+1,,,+2,,,,,+1,,+2,,,,+1,+1,,+2,,,+4,+2,,+4,,,,,,+6,,+4,+8,,+4,+15,,,+10,,,+8,,+9,,,+5,,,,+5,+7,,,,+6,,+4,,,,,+5,+1,+3,+5,,,,+8,,+7,,,+7,,+7,,,+9,,+8,,+7,0
Afghanistan,+5,0,0,+3,+3,0,+4,+2,+1,+4,+3,+7,+1,+2,+4,+4,+4,+13,+5,+5,+9,+2,+3,+6,+5,+2,+5,+5,+4,+17,+15,+1,+4,+5,+9,+6,+12,+11,+2,+1,+1,+7,+8,+11,+3,+8,+8,+5,+24,+6,+9,+18,+30,+12,+15,+21,+21,+20,+5,+20,+7,+13,+13,+42,+2,+21,+12,+17,+20,+21,+36,+8,+20,+18,+12,+13,+28,+33,+12,+7,+38,+34,+22,+16,+21,+14,+23,+16,+2,+36,+46,+19,+34,+17,+17,+4,+1,+4,+21,+14,+23,+11,+10,+1,+1,,+1,+11,+1,+4,,+6,+4,+9,+5
Bosnia and Herzegovina,+2,+3,+1,+1,+1,+2,+2,+1,+1,+2,+2,+1,+3,+2,+4,+1,+2,+5,+1,+1,+7,+4,+8,+4,+5,+6,+4,+3,+2,+6,+1,+4,,+1,+2,+4,+1,,+3,+2,+3,+2,+2,,,,+1,+3,,+2,,,+1,+1,,+1,,+2,,,+2,+3,,,+1,,,+2,+1,+1,+2,+3,,,+6,+2,+2,+1,+2,,,+8,+8,+2,+5,+2,+3,+2,+5,,+8,+5,+5,+1,+3,+6,+9,+4,+6,+6,,,+7,+3,+19,+12,+11,,+13,+10,+11,+6,+5,+10,0
New Zealand,0,+2,0,+1,0,+1,+1,+2,+1,+1,0,+1,,,,,+1,,,,+1,,,,,,,,,,,,,,,,,,,,,,+1,,,,,,,,,,,,,,,,,,,,,,,,,,,,,,,,,,,,,,,,,,,,,,,,,,,,,,,,,,,,,,,,,,,,,,,,0
Lithuania,+2,+1,0,+2,+2,+1,0,+2,0,+1,0,,+3,+1,,,+1,,,,+2,+1,,,+1,,,+4,,,+1,+1,+3,+1,,+1,,+2,,,+2,+1,+2,,+2,,,+1,,,,,,,+1,+2,,,+1,,+1,,,,,,,,+1,+1,,,,,,,,,+1,,,,,,,,,,,,,,,+1,,,,,,,,,,,,,,,,,,+1,,,0
Slovenia,0,+5,+4,+4,+3,0,+2,0,+1,+1,+1,+1,+3,+3,+2,+1,+2,+2,+1,+1,+1,,+1,+1,+1,,,+1,,,,+1,,,+1,+1,,,+1,,+1,,,,,,+1,,,,,,,,,,,,,,,,,,,,,,,,,,,+2,,,,,,,,,,,,,,,,,,,,,+1,+1,+1,+1,,,+1,,,+1,,,+1,,+1,+2,+1,+1,+1,,+1
North Macedonia,+1,+3,0,+2,+3,+1,+1,0,+1,+2,+2,+4,+6,+2,+4,+4,+1,+2,+1,+1,+2,+1,+1,+1,,,+1,+3,,+2,+1,+3,+3,+2,+4,+1,+1,+1,,,+3,+3,+2,+5,+5,+2,+7,+1,+4,+2,+2,+2,+2,+3,+1,+7,+5,+2,+8,+9,+5,+8,+9,+6,+6,+11,+5,+9,+4,+8,+6,+3,+9,+9,+12,+4,+4,+15,+7,+6,+7,+5,+5,+8,+3,+6,+8,+6,+3,+4,+4,+8,+5,+8,+8,+10,,+10,+3,+6,+9,,+6,+5,+5,+4,+6,+7,+4,+3,+5,+6,+6,+2,+4
Slovakia,+2,+1,+2,+1,+1,+1,0,+1,+2,0,+1,,+2,+2,+1,,+1,,+1,,,+1,,,,,+1,,,,+1,,,,,,,,,,,,,,,,,,,,,,,,,,,,,,,,,,,,,,,,,,,,,,,,,,,,,,,,,,,,,,,,,,,,,,,,,,,,+1,,,,,,,+2,0
Cuba,+3,+4,+1,+2,+2,+2,+2,+3,+6,+2,+3,+2,+2,,+3,+3,+2,+1,+2,,,+4,+1,,+3,,+1,+1,,,,,,,,+1,+1,,+1,,,,,,+1,,,,,,,,,,,,+1,,,,,,,+1,,,,,,,,,+1,,,,,,,,,,,,,,+1,,,,,,,,,,,,,,,,,,,,,,,,+1,,,,0
Bulgaria,+2,+3,0,+1,+1,+2,+4,+3,+2,+1,+1,+2,,+6,+2,+2,+4,+1,+5,+2,+4,,+2,+4,+1,+2,+2,+1,+3,+3,+3,+3,+2,+2,+4,+4,+5,+1,+4,,,+3,+1,+2,+3,+1,,+4,+2,+13,,+1,,+4,+3,,+1,+4,,+2,+2,+5,+3,+6,+3,+6,,+8,+1,+1,+2,+4,+1,+3,+4,+7,+2,,+7,+2,+5,+4,+4,+5,+3,+5,,+1,+8,+7,+6,+4,+4,+2,+1,+8,+5,+8,+8,+8,+1,+2,+7,+8,+13,+6,+9,+2,+3,+16,+11,+9,+11,+7,+3
Nigeria,+1,+4,+2,+2,+1,+3,+3,+3,+1,+3,+5,,+4,+7,+7,+10,+17,+2,+6,+5,+5,+4,+10,+11,+15,+7,+8,+6,+3,+4,+5,+6,+9,+1,+8,+11,+10,,+5,+7,+16,+5,+5,+2,+12,+14,+12,+15,+1,+8,+10,+9,+12,+7,+4,+17,+5,+12,+8,+13,+4,+31,+14,+6,+12,+19,+12,+7,+8,+9,+7,+5,+4,+7,+8,+17,+13,+13,+12,+6,+11,+9,+15,+15,+5,+20,+15,+16,+4,+10,+6,+9,+3,+6,+11,+12,+4,+8,+20,+12,+11,+2,+2,+8,+5,+5,+1,+4,+5,+8,+14,+17,+3,+6,+6
Ivory Coast,0,0,+2,+1,+1,+3,+1,0,0,0,0,,,,,+1,,+2,,+1,,+2,,+1,,,,+3,,,+1,+2,+1,,+1,,,+1,,,,+1,+1,,+1,,,,+2,,+1,,,+2,,+3,,+4,,,+1,,+2,+1,,+3,+2,+2,+2,,+2,+4,+2,,,+2,,,+2,+2,+2,+1,+1,+2,+1,+2,+1,+2,,+3,,,,+4,+1,,+1,,,+1,,+2,,+2,+1,+1,+2,,,,+1,,,+1,0
Hong Kong,0,0,0,0,0,0,0,0,0,0,0,,,,,,,,,,,,,,,,,,,,,,,,,,,,,,,,,,,,,,,,,,,,,,,,,,,,,,,+1,,,+1,,+1,,,,,,,,,,,,,,,,,,+1,,+2,,+1,+1,,,+2,,+1,+1,+2,,+4,+1,+1,+1,+2,+6,+1,+6,+1,+2,+3,,+1
Djibouti,0,0,0,0,0,0,0,0,0,0,0,,,,,,,,,,+1,,,,,,,,,+1,,,+3,,+2,+1,,,,+4,,+4,+2,,+2,+2,,+1,+1,,,,+2,+3,+3,,+3,+1,+3,+2,,,,,+2,,,+3,+1,+3,,,,,+1,+1,+1,,,,,,,,+1,,,,,,,,,,,,,+2,,,,,,,,,,,+1,,,,,,0
Guinea,0,+2,0,+2,0,+1,0,0,0,+1,0,,,,,,,,+2,+1,+1,,,,,,,+3,+1,,+1,,,+2,,,+1,+1,,,,,+2,,+1,,,,,,,,,,,,,+1,+1,,+1,,,,+1,,,,+1,+1,,,+1,+1,,+2,,,,+1,,,,,+2,+1,,,,+1,,+1,,,,+1,+1,,+1,,,+1,+2,+1,,,,,,,+2,+1,,+1,0
Tunisia,+2,0,0,+1,0,0,0,0,0,0,0,+1,+1,,+1,,+1,,+1,,,+1,+1,,,,,,,,,,,+1,+1,,,,+1,,,,,,,,,,+1,,,,,,,,,,,,,,+1,,,,,,,,,,,,,,,,,,,,,,,,,,,,,,,,,,,,,,,,,,,,,+1,,,,,,,0
Bolivia,+1,+2,0,+1,+1,+1,+3,+3,+3,+1,+2,+4,+3,+2,+4,+3,+4,+5,+5,+6,+4,+5,+11,+4,+8,+4,+4,+6,+14,+10,+12,+1,+4,+5,+15,+10,+16,+15,+10,+10,+11,+13,+6,+13,+7,+10,+3,+30,+33,+24,+15,+12,+27,+11,+10,+12,+25,+21,+26,+26,+26,+21,+27,+20,+18,+18,+25,+33,+47,+26,+30,+37,+21,+36,+44,+57,+52,+78,+70,+49,+58,+56,+42,+54,+47,+61,+64,+52,+53,+59,+32,+44,+42,+65,+57,+45,+67,+55,+55,+79,+66,+62,+48,+64,+73,+88,+86,+83,+87,+89,+75,+92,+65,+80,+59
Cyprus,0,0,0,0,0,0,+1,0,+1,0,0,+1,,,,,,,,,,,,,+1,,,+1,,,,,,,,,,,,,,,,,,,,,,,,+1,,,,,,,,,,,,+1,,,,,,,,,,,,,,,,,,,,,,,,,,,,,,,,,,,,,,,,,,,,,,,,,,,0
Latvia,0,0,0,0,0,+4,+2,0,+1,0,0,+1,,+2,,+1,,,,+1,,+1,,,,,,+1,,,,,,+2,,+1,,,,,,+1,+1,,,,,,,+1,,,,+1,,,,+1,+1,,,,+2,,,,,,,,,,,,,,,,,,,,,,,,,,+1,,,,,,,,,,,,,,,,,,+1,,,,,,,,0
Andorra,0,+2,0,+1,+1,0,0,0,+3,0,0,,+1,+1,,+1,+1,+1,,+1,,+1,,+1,,,,+1,,,+2,,,,,,,,,,,,,,,,,,,,,,,,,,,,,,,+1,,,,,,,,,,,,,,,,,,,,,,,,,,,,,,,,,,,,,,,,,,,,,,,,,,,,,0
Albania,+1,0,0,0,0,0,+1,0,0,0,+1,,+2,,+1,,,,,,,,,,,,,,,,,,,,,,,,+1,,+1,,,,,,,,,,,+1,,,,,+1,+1,,,,+1,+1,+1,+3,+1,+1,,+1,+2,+2,+2,+2,+2,+3,+4,+3,+4,+3,+2,+2,+3,+2,+2,,+2,+4,+4,+2,+2,+4,+3,+3,+4,+1,+1,+4,+3,+3,+5,+6,+4,+6,+4,+2,+4,+3,+4,+5,+6,+4,+6,+6,+1,+4
Diamond Princess,0,0,0,0,0,0,0,0,0,0,0,,,,,,,,,,,,,,,,,,,,,,,,,,,,,,,,,,,,,,,,,,,,,,,,,,,,,,,,,,,,,,,,,,,,,,,,,,,,,,,,,,,,,,,,,,,,,,,,,,,,,,,,0
Lebanon,0,0,0,0,0,0,+1,0,0,+2,0,,,,,,+1,,,,,,+1,,,,,,,,,,,,,,,,,,,,,,,+1,,,,+1,,+1,+1,,,,+1,,+1,,,,,,,,,,,+1,,,,+1,,,,+1,,,+1,,,,,,,,,+1,+1,+2,,,,+1,,+2,,+3,+1,+4,,+3,+1,+2,+4,,+1,+3,,+3,+2,,+8
Niger,0,+4,+1,+1,0,0,+2,+2,0,+3,+2,,+2,+1,,+1,+2,+1,+1,+1,,+4,+2,+1,+1,,+1,+2,+1,+1,,+3,+1,,+3,+2,,+1,,+1,+1,,+1,,,,+1,,,,,,,,,,,,+1,,,,+1,,,,,,,,,,,,,,,+1,,,,,,,,,,,,,+1,,,,,,,,,,,,,,,,,,,,,,,,0
Costa Rica,0,0,0,+1,+1,0,0,0,0,0,0,,,,,,,,,,,,,,,+1,,,+1,+1,+1,,,,,,,,,,,,,,,,,,,,,,,,+1,+1,,,,,,,,,,,,,,,,,+1,+2,,+1,+1,+1,,,+1,+4,,+1,+1,+1,+2,+2,+1,+5,+4,+2,+5,+7,+8,+4,+2,+3,+9,+7,+11,+6,+11,+10,+8,+7,+10,+4,+8,+9,+10,+10,+9,+18,+10
Kyrgyzstan,0,0,0,0,+2,0,0,+1,0,0,0,,,,,,,+2,,+1,+1,,,,,,,,,+2,,,,,,,,,,+2,,,,,,,,+1,+3,,+2,,,+1,+1,+2,,,+1,,,+2,+1,+1,+1,+3,+2,+3,+1,+1,+1,,+3,+1,+3,+7,+5,+4,+10,+2,+10,+4,+7,+13,+4,+6,+3,+7,+15,+2,+11,+7,+6,+35,+103,+34,+42,+44,+46,+42,+38,+28,+24,+28,+18,+17,+14,+19,+12,+11,+7,+11,+9,+4,+9
Senegal,0,0,+1,0,+2,0,+1,0,+1,0,+2,,,,,,,,+1,+1,+1,+1,,+4,+2,,,+2,+2,+2,,,+1,+4,,+3,,+1,+1,,+1,+2,+1,+2,+1,,,+1,+2,,,+2,+2,,+3,,+3,+1,+4,,+4,+6,+3,+3,+3,+3,+2,+2,+3,+4,+1,+4,+4,+3,+3,+4,+4,+5,+4,+4,+4,+3,+1,+4,+2,+2,,+3,+2,,+3,+3,+4,+3,+4,+3,+4,+3,+1,+4,+5,+4,+3,+4,+2,+4,+1,+4,,+2,+3,+4,+5,+2,+4
Burkina Faso,0,+3,+1,0,+2,0,+1,+2,0,0,+1,,,+1,,+1,,+1,+1,+2,,,,,+1,+1,+1,,,,,,,,+1,,,,,,,+1,,,,,,,,,,,,,,,,,,,,,,,,,,,,,,,,,,,,,,,,,,,,,,,,,,,,,,,,,,,,,,,,,,,,,+1,,,,0
Honduras,+4,+6,+5,0,0,0,0,+1,0,+8,+4,+2,+3,+2,+5,+4,,+1,+6,+1,+10,+6,+6,+2,+1,,+8,+5,+2,+10,+1,+4,+4,+4,+1,+4,+5,+11,+7,+6,+2,+6,+6,+2,+3,+2,+11,+5,+8,+9,+9,+5,+2,+8,+4,+9,+19,+4,+12,+4,+2,+10,+8,+6,+7,+6,+9,+5,+32,+10,+12,+9,+45,+8,,+6,+12,+45,+49,+14,+24,+10,+17,+21,+17,+10,+46,+21,+3,+15,+18,+18,+10,+22,+34,+9,+35,+53,+18,+5,+50,+37,+18,+50,+48,+45,+53,+25,+31,+9,+7,+16,+23,+23,+19
Uruguay,0,0,0,+1,0,+2,0,0,0,0,+2,+1,,,+2,,,,,,,,+1,,+1,,,,,,,+1,,,,,,+2,,,,,,,,,+1,,,,,,,,,,,,,,,+1,,,,+1,,,,+1,,,,+1,,,+1,,,,,+1,,,,,+1,+1,,,,+1,,+1,,,,+1,,,,,+1,,,,,,+1,,+1,,,,0
San Marino,+2,+1,0,0,0,+1,0,0,0,0,+1,,,,,,,,,,,,,,,,,,,,,,,,,,,+1,,,,,,,,,,,,,,,,,,,,,,,,,,,,,,,,,,,,,,,,,,,,,,,,,,,,,,,,,,,,,,,,,,,,,,,,,,,,,0
Channel Islands,+4,+1,+1,0,+3,0,+4,+1,+5,+1,0,,+1,+2,+2,+1,,,,,,,+1,,,,+1,+1,,,,,,+1,+1,,,,,,,,,,,,,+1,,,,,,,+2,,,,,,,,,,,,,,,,,,,,,,,,,,,,,,,,,,,,,,,,,,,,,,,,,,,,,,,,,,,,0
Sri Lanka,0,0,0,0,0,0,0,0,0,0,0,,,,,,,,+1,+1,,,,,,,,,,,,,,,,,,,,+1,,,,,,,+1,,,,,,,,,,,,,,,,,,,,,,,,,,,,,,,,,,,,,,,,,,,,,,,,,,,,,,,,,,,,,,,,,,,,0
Georgia,0,0,+1,0,0,0,+1,0,0,0,+1,,,,,+1,+1,+1,,,,,+1,,,+1,,,+1,,,,,,,,,,,,,,,,,,,+1,,,,,,,,,,,+1,,,,,,,,,,,,,,,+1,,,,,,,,,,,,,,,,,,,,,,+1,,,,,,,,,+1,,,,,,,,,,0
Guatemala,0,+2,0,0,0,0,+1,+2,+1,0,+2,+2,,+1,,,,+1,,+2,,+2,+2,+1,,+2,,+1,+2,,+1,+3,+2,+3,+5,+2,+3,+3,+4,+3,+1,+4,+5,+12,+10,+12,+6,+8,+7,+20,+15,+58,+14,+22,+15,+22,+27,+18,+17,+16,+17,+15,+19,+14,+17,+34,+31,+17,+16,+35,+19,+22,+49,+34,+21,+19,+27,+44,+63,+40,+27,+34,+23,+49,+39,+47,+33,+47,+25,+58,+48,+54,+39,+6,+36,+17,+29,+42,+59,+37,+30,+35,+27,+21,+53,+32,+57,+35,+36,+18,+24,+35,+47,+49,+29
Malta,0,0,0,0,0,0,0,0,0,+1,0,,,,,,,,,+1,,,,,,,,+1,,,,,,,,,,,,,,+1,,+2,,,,,,,,,,,,,,,,,,,,,,,,,,,,,,,,,,,,,,,,,,,,,,,,,,,,,,,,,,,,,,,,,,,,,,,0
Jordan,0,0,0,0,0,0,0,0,0,0,0,,+1,,,,+1,,,,,,,,,,,,,,,,,,,,,,,,,,,,,,,,,,,,,,,,,,,,,,,,,,,,,,,,,,,,,,+1,,,,,,,,,,,,,,,+1,,,,,,,,,,,,,,,,,,,,,0
DRC,+1,+1,+2,0,0,0,0,0,0,+3,0,,+2,,+1,+1,+1,,+1,,+1,+1,,+3,+2,,+3,+6,,,+11,,,,,,+2,,,+4,+1,,+1,,,+3,,,+3,+3,+3,+1,+3,+3,+2,+6,+2,+3,+5,+1,+5,,+3,+2,+5,+3,+5,+5,,+7,,+7,+4,+4,+10,+3,+5,+1,+3,+3,,,,,+7,,,,+1,,+2,+1,,,+1,,+2,+1,+4,,+3,,+4,,+2,+5,,,,,,,,+3,0
Somalia,0,+1,+1,0,+1,0,0,+8,0,+2,+5,+3,+2,,,,+3,+1,+3,+3,+1,+5,,+4,+3,+1,,,+1,,+2,+1,+1,+2,+2,,,,,+5,+1,,+5,,+1,+5,+1,,,,,+3,+1,+1,+1,,,,+2,+1,,,,,,,+2,,,,,,,,,,,,,+2,,,,,,,,+1,,,,,,,,,,,,,,,,,,,,,,,,,,,0
Taiwan,0,0,0,0,0,0,0,0,0,0,0,,,,,,,,,,,,,,,+1,,,,,,,,,,,,,,,,,,,,,,,,,,,,,,,,,,,,,,,,,,,,,,,,,,,,,,,,,,,,,,,,,,,,,,,,,,,,,,,,,,,,,,,,,0
RÃ©union,0,0,0,0,0,0,0,0,0,0,0,,,,,,,,,,,,,,,,,,,,,,,,+1,,,,,,,,,,,,,,,,,,,,,,,,,,,,,,,,,,,,+1,,,,,,,,,,,,+1,,,,,,,,,,,,,,,,,,,,+1,,,,,,,,,+1,,,0
Mayotte,0,+1,0,0,0,0,0,0,0,0,0,,,,,,,,,+3,,+1,,+1,,,+1,+2,+2,,+2,,,,+1,,,,+1,,,,+1,,,,+3,,,+1,,,,,+3,,,,,+1,,,,,,+2,,,,+1,,,,,,+3,,,,,,,,,+3,,,,,,,,,,,+1,,,,,,,,,+1,,,,,,,,,,0
Mali,0,0,0,+1,0,0,+3,+4,0,0,+2,,+1,+1,+1,,,+1,+2,+3,,,+3,+2,+1,+1,+1,+4,+2,,+2,+4,,+1,+2,+5,+2,+1,+2,+2,+3,,+2,+1,+3,+1,+1,,+1,+6,+2,+3,,,+2,+2,+1,+4,+3,,,,+3,,+1,,+1,+2,,+1,+1,,,+1,+1,+1,,+1,,+1,+1,,,+1,,+1,,,,,,,,,,,+1,+1,,,,,+1,,,,,,,,,,,+1,0
Kenya,+1,0,+1,+2,0,0,0,0,0,0,0,,,+1,+2,+4,+1,+2,,,+2,+3,,+1,+2,+1,+3,+4,+2,+3,+5,,,,,,,,+1,+1,,+3,+3,+4,+1,+1,+5,+2,+3,+4,+1,+4,+1,+1,+3,+1,+3,+4,+4,+3,+1,+1,+2,+10,+2,+2,+2,+2,+3,+2,+2,+5,+4,+2,+1,+4,+1,+3,+2,+5,+1,+4,+3,+2,+4,+8,+3,+1,+12,+5,+7,+8,+5,+3,+9,+4,+12,+10,+3,+11,+4,+2,+5,+14,+12,+14,+16,+23,+5,+13,+6,+3,+8,+14,+5
Palestine,0,0,0,+1,0,+1,0,0,0,0,0,,,,,,,,,,,,,,,,,,,,,,,,,,,+1,,,,,,,,,,,,,,,,,,,,,,,,,,,,,,,,,,,+1,,+1,+3,,+1,+2,+2,+3,+1,+1,+2,+4,+3,+6,+3,+3,+5,,+7,+2,+6,+3,+1,+1,+2,+1,+3,+5,+1,+2,+1,+1,+1,+1,+1,+1,,+2,+3,+3,+2,+2
Mauritius,0,0,0,0,0,0,0,0,0,0,0,+1,,,,,,,,,,,,,,,,,,,,,,,,,,,,,,,,,,,,,,,,,,,,,,,,,,,,,,,,,,,,,,,,,,,,,,,,,,,,,,,,,,,,,,,,,,,,,,,,,,,,,,,0
Venezuela,0,0,0,0,+1,0,0,0,0,0,0,,,,+6,,,,,,,,,,,,,,,,,,,,,,,,,,+1,,,+3,,,+3,+1,+2,,,+2,,,+1,,,,+1,,+2,+1,+1,,+2,+3,,+2,,+3,+1,+2,+1,+2,+4,+3,+3,+3,+2,+3,+3,+3,+3,+4,+5,+3,+2,+4,+4,+3,+4,+4,+3,+3,+2,+4,+4,+4,+5,+5,+4,+4,+4,+5,+3,+4,+6,+5,+5,+6,+7,+8,+7,+6,+7
Montenegro,0,+1,0,0,0,0,0,0,+1,0,+1,,,,,,+1,,,,,,,,+1,,,,,,,,,,,,,,,,,,,,,,,,,,,,,,,,,,,,,,,,,,,,,,,,,+2,,+1,,,+1,,+1,,+3,,+2,,+4,,+1,,,+1,+2,+2,+2,+3,,+4,+1,+3,,,+2,,+2,,+1,+1,+1,+1,+1,+4,+3,+1,+1
Isle of Man,0,0,+2,0,+3,0,+6,+1,+2,0,0,+2,+1,,,+1,,,+1,,,,,,,,,,,+1,,,,,,,,,,,,,,,,,,,,,,,,,,,,,,,,,,,,,,,,,,,,,,,,,,,,,,,,,,,,,,,,,,,,,,,,,,,,,,,,,,,,,0
Jamaica,0,0,0,0,0,+1,0,0,+1,0,0,,,,,+1,,,+1,,,,,,,,,,,,,,,,,,,,,,,,,,,,,,,+1,,,,,,,,,,,,,,,,,,,,,,,,,,,,,,,,,,,,,,,,,,,,,,,,,,,,,,,,,,,,+2,,,,,+1
Tanzania,0,+1,0,+2,+3,0,0,0,0,0,0,,,+6,,,,,,,,,+5,,,,,,,,,,,,,,,,,,,,,,,,,,,,,,,,,,,,,,,,,,,,,,,,,,,,,,,,,,,,,,,,,,,,,,,,,,,,,,,,,,,,,,,,,,,,0
El Salvador,0,+1,0,0,0,0,0,+1,0,0,0,,,+1,+1,,+1,,+2,,+2,,+1,+1,,+1,+2,,+3,,+3,+1,+3,,+1,+2,,,+2,,+1,+1,+2,+3,+2,+2,,,+3,+2,+2,,,+2,+3,+6,,+4,+4,,+2,+2,+3,+3,+4,+7,+5,+9,+6,+6,+7,+7,+10,+9,+12,+10,+8,+9,+11,+8,+7,+6,+6,+6,+8,+6,+5,+6,+7,+11,+8,+12,+11,+15,+11,+9,+8,+11,+9,+7,+11,+10,+8,+9,+13,+9,+9,+11,+8,+10,+9,+12,+15,+7,+16
Vietnam,0,0,0,0,0,0,0,0,0,0,0,,,,,,,,,,,,,,,,,,,,,,,,,,,,,,,,,,,,,,,,,,,,,,,,,,,,,,,,,,,,,,,,,,,,,,,,,,,,,,,,,,,,,,,,,,,,,,,,+2,+1,+3,,+2,,+2,,0
Equatorial Guinea,0,0,0,0,0,0,+1,0,0,0,0,,,,,,,,+2,,+1,,,,,,,+2,+1,,,,,,,+3,+1,,,+1,,,,,,,,,,,,,,,,,,,,,,,+20,,,,,,,,,,,,,,,,+19,,,,,,,,,,,,,,,,,,,,,,,,,,,,+32,,,,,,,,0
Sudan,0,+1,+4,0,+2,+1,0,0,+3,+1,+4,+1,+3,+3,+3,,+10,,,+4,+4,+3,+7,+5,+6,+4,+6,+10,,+1,+6,,+8,+6,,+10,+16,,+9,+19,+5,+14,+11,+38,+29,+24,+12,+9,+7,+19,+14,+12,,+13,+17,+12,,+32,+14,+12,+9,+9,+10,,+19,+7,+8,+12,+15,,+8,+16,,,,,+30,,+2,,+4,+8,+6,+14,+5,+8,+1,,+7,+2,+9,,+3,+2,+20,,,+2,,+7,+2,,+3,+5,,,+21,+6,,,+11,,,+10,0
Paraguay,0,0,0,0,0,0,+1,0,0,0,0,,,,,+1,,,,,,,,,,,,+1,,,,,,,,,,,,,,,,,,,,,,,,,,,,,,,,,+1,,+1,,,,,,,,,,+2,,+1,+1,+2,,,+1,,,,,,,+1,+1,+3,,,+2,+1,+1,+2,+2,+2,+1,,+2,+2,+1,+2,+2,+1,+1,+2,+3,,+3,+4,+2,+5,+3,+3
Maldives,0,0,0,0,0,0,0,0,0,0,0,,,+1,,,,,,,+1,+1,,,,,,+1,,,,,,,,,,,,,+1,,,,,,+1,+1,,,,+1,,,,,,,,,,,,,,,,,,,,,,,,+1,,+1,,,+1,+1,,+1,,,,,,+1,,+1,,,,,,,,,,,,,,+1,,+1,+1,,+1,,,,0
Congo,0,+1,0,0,0,0,0,0,0,0,0,,,,+1,,,,+1,,,,,,,+1,,,+4,,,,,,,+1,,,,,,+3,,,,+1,,,,,,+2,,,+2,,,,,,+3,,,,,,,+10,,,,,,,,,+4,,+3,,,,,+3,,,,,,,,+1,+1,,,+1,,,,+1,,,+3,,,,,,,+4,,,,,0
Rwanda,0,0,0,0,0,0,0,0,0,0,0,,,,,,,,,,,,,,,,,,,,,,,,,,,,,,,,,,+1,,,+1,,,,,,,,,,,,,,,,,,,,,,,,,,,,,+1,,,,,,,,,,+1,,,,,,,+1,,,,,,,,,,,,,,,,,,,,,+1
Faeroe Islands,0,0,0,0,0,0,0,0,0,0,0,,,,,,,,,,,,,,,,,,,,,,,,,,,,,,,,,,,,,,,,,,,,,,,,,,,,,,,,,,,,,,,,,,,,,,,,,,,,,,,,,,,,,,,,,,,,,,,,,,,,,,,,0
Gabon,0,0,0,0,0,0,0,+1,+1,0,0,,,,,,+2,,+1,,,+2,,,,+1,,,+1,,+1,,,+1,,,,,,+2,,,,+1,+2,,,+3,,+1,,,,,,,+2,,,,+4,+2,+1,+2,+2,,,+5,,,+1,,,,+2,,,,+2,,,+2,,,,,,,,,,,,,,,,+1,,+2,,,,,,,,+1,,+1,,,,,0
Martinique,0,0,+4,0,0,+2,0,0,0,0,0,,,,,,,,,,,,,,,,,,,,,,,,,,,,,,,,,,,,,,,,,,,,,,,,,,,,,,,,,,,,,,,,,,,,,,,,,,,+1,,,,,,,,,,,,,,,,,,,,,,,,,,,,+1,0
Guadeloupe,0,0,0,0,0,+4,0,0,0,0,0,,,,,,,,,,+1,,,,,,,,,,,,,,,,,,+1,,,,,,,,,,,,,,,,,,,,,,,,,,,,,,,,,,,,,,,,,,,,,,,,,,,,,,,,,,,,,,,,,,,,,,,,,,,,0
Myanmar,0,0,+1,0,0,0,0,0,0,0,0,,,+1,,,,,,,,,,,,,,,,,,,,,,,,,,,,,,,,,,,,,,,,,,,,,,,,,,,,,,,,,,,,,,,,,,,,,,,,,,,,,,,,,,,,,,,,,,,,,,,,,,,,,0
Gibraltar,0,0,0,0,0,0,0,0,0,0,0,,,,,,,,,,,,,,,,,,,,,,,,,,,,,,,,,,,,,,,,,,,,,,,,,,,,,,,,,,,,,,,,,,,,,,,,,,,,,,,,,,,,,,,,,,,,,,,,,,,,,,,,0
Brunei,0,0,0,0,0,0,0,0,0,0,0,,,,,,,,,,,,,,,,,,,,,,,,,,,,,,,+1,,,,,,,,,,,,,,,,,,,,+1,,,,,,,,,,,,,,,,,,,,,,,,,,,,,,,,,,,,,,,,,,,,,,,,,,,,,0
Liberia,0,+1,0,+1,0,0,0,0,0,+3,+1,,+4,,,+2,,,,+2,,,,,,,,,,,,+1,+1,+1,,,+1,+2,,,,+1,,,,,,+1,,,+2,,,,+1,,,+1,,,+1,,,,,,+1,,,,,,,,+2,,+1,,,,,+2,+2,,+1,+5,,+4,,,,+17,+1,+1,,,,,+1,,,+1,,,,+1,+2,,+2,+1,,,,,+1
Madagascar,0,0,0,0,0,0,0,0,0,0,0,,,,,,,,,,,,,,,,,,,,,+1,,+1,,,,,,,,,,+3,+1,,,,,+1,,+1,+1,,,+1,,,,,,+2,,+1,,,+1,+1,,+1,,,,+2,+2,,+2,+2,+2,+3,+3,+1,,,,+1,,+1,+2,+2,+4,+10,+1,+1,+4,+3,+3,+4,+1,+6,+2,+7,+6,+2,+6,+6,+1,+1,+7,+4,+5,+4,+7,+1,+6
Ethiopia,0,0,0,0,0,0,0,0,0,0,0,,,,,,,,,+1,,,,+1,,,,,,,,,,,,,,,,,+1,,+1,+1,,+3,+1,+2,+3,+1,+1,+1,+7,,+5,+3,+5,+7,+8,+2,+3,+1,+2,+2,+7,,+2,+1,,+3,+3,+8,+5,+4,+5,,,,,,,,,+17,,+4,,+3,+1,+11,+7,+2,+2,+13,+4,+3,+10,+8,+9,+3,+9,+14,+5,+11,+14,+10,+11,+10,+26,+26,+7,+13,+9,+15,+10
Cambodia,0,0,0,0,0,0,0,0,0,0,0,,,,,,,,,,,,,,,,,,,,,,,,,,,,,,,,,,,,,,,,,,,,,,,,,,,,,,,,,,,,,,,,,,,,,,,,,,,,,,,,,,,,,,,,,,,,,,,,,,,,,,,,0
Trinidad and Tobago,0,0,0,0,0,0,0,0,0,0,0,,,,,,,,,,,,,,,,,,,,,,,,,,,,,,,,,,,,,,,,,,,,,,,,,,,,,,,,,,,,,,,,,,,,,,,,,,,,,,,,,,,,,,,,,,,,,,,,,,,,,,,,0
French Guiana,0,0,0,0,+1,0,0,0,0,0,0,,,,,,,,,,,,,,,,,,,,,,,,,,,,,,,,,,,,,,,,,,,+1,,,,,,+1,,+2,,,,,+1,+2,,+1,+1,+1,+1,,+3,,+1,,,,,+4,+1,+1,,+1,+3,,+3,+2,+2,+1,,+3,,+1,+1,,+1,+1,,,+1,+1,,,,,,+1,+1,+2,,,+1
Bermuda,0,0,0,0,0,0,0,0,0,0,0,+1,,,,,+1,,,,,,,,,+1,,,+1,,,,,,,,,,,,,,,,,,,,,,,,,,,,,,,,,,,,,,,,,,,,,,,,,,,,,,,,,,,,,,,,,,,,,,,,,,,,,,,,,,,,,,0
Cabo Verde,0,0,0,0,0,0,0,0,0,0,0,,,,,,+1,,,,,,,,,,,,,,+1,,,,,,,,,,+1,,,,,,,+1,,,,,,,,,+1,,,,+1,,,,+1,,,,,,,+2,+2,,,+3,,,,+1,+1,,+1,,,+1,,,,,,,,+2,,,,,,+1,,,,,+1,,,+1,,+1,+1,+1,,+2,+3
Aruba,+1,0,0,0,0,0,0,0,0,0,0,,,,,,,,,,,+1,,,,,,,,,,,,,,,,,,,,,,,,,,,,,,,,,,,,,,,,,,,,,,,,,,,,,,,,,,,,,,,,,,,,,,,,,,,,,,,,,,,,,,,,,,,,,0
Togo,+2,0,0,0,+1,0,0,0,0,0,0,,,+1,+2,,,,,,,,+1,,+1,,,,,,,,+1,,,,,,,+1,,,,,,,,,,,,,,,,,,,,,,,,,,,,,,+1,,,,,,,,,,+1,,,,,,,,,,,,,,,,,,+1,,+1,,+1,,,,,+1,,,,,+2,+1,,+1
Monaco,0,0,0,0,0,0,0,+1,0,0,0,,,,,,,,,,,,,,,,,,,,,,,,,,,,,,,,,,,,,,,,,,,,,,,,,,,,,,,,,,,,,,,,,,,,,,,,,,,,,,,,,,,,,,,,,,,,,,,,,,,,,,,,0
Sierra Leone,0,0,0,0,0,0,0,+1,+1,0,+2,,,,+3,,+1,,+1,+2,+3,+2,+1,+1,,+1,,+7,,+1,+2,+3,+1,,+1,+1,+3,+1,+1,+2,+2,+1,,,+1,,,,+1,,,+1,,+1,+1,,,+1,,,,,,,+2,,+2,,,,,+3,,+1,,,,,+2,,,,+1,,,,,,,+1,,,+1,,,+1,,,,,,,,,+1,,,,,,,,,+1,0
Zambia,0,0,0,+1,0,0,0,0,0,0,0,,,,,,,,,,+1,,,+3,,,,,,,,,,,,,,,,,,,,,,,,,,,,,,+3,,,,,,+1,,,,,,,,,+7,,,+3,,+1,,+2,+6,,,,,,+12,,,,,,,,,,+24,+11,,+8,,,+6,+2,+3,,+1,+2,+4,+3,+2,+14,+5,+1,+2,+3,+23,+1,+3
Liechtenstein,0,0,0,0,0,0,0,0,0,0,0,,,,,,,,,,,,,,,,,,,,,,,,,,,,,,,,,,,,,,,,,,,,,,,,,,,,,,,,,,,,,,,,,,,,,,,,,,,,,,,,,,,,,,,,,,,,,,,,,,,,,,,,0
Bahamas,0,+1,0,0,0,0,0,+2,0,0,0,,,,,,,,,,,,,,,,,,,,,,,,,,,,,,,,,,,,,,,,,,,,,,,,,,,,,,,,,,,,,,,,,,,,,,,,,,,,,,,,,,,,,,,,,,,,,,,+3,,,,,,,,,0
Barbados,0,0,0,0,0,0,+1,0,0,0,0,,,+1,,,,,,,,,,,,,,,,,,,,,,,,,,,,,,,,,,,,,,,,,,,,,,,,,,,,,,,,,,,,,,,,,,,,,,,,,,,,,,,,,,,,,,,,,,,,,,,,,,,,,0
Uganda,0,0,0,0,0,0,0,0,0,0,0,,,,,,,,,,,,,,,,,,,,,,,,,,,,,,,,,,,,,,,,,,,,,,,,,,,,,,,,,,,,,,,,,,,,,,,,,,,,,,,,,,,,,,,,,+1,,+1,,,,,+1,+1,,+1,,,,+1,0
Mozambique,0,0,0,0,0,0,0,0,0,0,0,,,,,,,,,,,,,,,,,,,,,,,,,,,,,+1,,,+1,,,,,,,,,,,,,,,,,+1,,+1,,,,,+1,,,,,,,,+1,,,,,+1,+1,,,,+1,,,,,,,,,+1,,+1,,,,,,,,,,,,+1,+1,+1,+1,,,,+1
Sint Maarten,0,0,0,+1,0,0,+1,+1,0,0,+1,,,,,,,,,+1,,,,+1,,,,,,,,,,,,,,,,,,,,,,,,,,,,,,,,,,,,,,,,,,,,,,,,,,,,,,,,,,,,,,,,,,,,,,,,,,,,,,,,,,,,,+1,,,,,,+1
Guyana,0,0,0,+1,0,0,0,0,0,0,+1,,,,+1,,,,,,+1,,,,,,,,,,,,,,,,,,,+1,,,,,+1,,,,,,,,,,,,,,,,,,,,,,,,,,,,,,,,+1,+1,,,+1,,+1,,,,+1,,,,+1,+1,,,,,,,,+1,,,,,,,,,+1,,+1,,,,0
Haiti,0,0,0,0,0,0,+1,+1,0,+1,0,,,,+2,,,,+3,+1,,,,,+3,,+1,+2,,+2,,,+1,,+1,,+3,,+1,+1,+4,+2,+1,+1,,+6,+3,+1,+3,+2,,,,+1,+3,+2,+2,+6,,+6,+3,+3,+4,+2,+2,+3,+1,,,+1,+3,+4,+2,+2,+4,+1,,+2,+3,,+3,,,+4,+6,+7,+5,+4,,+2,+2,+2,,+1,,,+5,+3,,,+2,+1,,+1,,+1,+2,,+4,,+1,+5,,,+6
Cayman Islands,0,0,0,0,0,0,0,0,0,0,0,,,,,,,,,,,,,,,,,,,,,,,,,,,,,,,,,,,,,,,,,,,,,,,,,,,,,,,,,,,,,,,,,,,,,,,,,,,,,,,,,,,,,,,,,,,,,,,,,,,,,,,,0
Benin,0,0,0,0,0,0,0,0,0,0,0,,,,,+1,,,,,,,,,,,,,,,,,,,,+1,,,,,,,,,,,,,,,,,,+1,,,,+1,+1,,+3,,,+2,,,+2,,,,+1,,,+2,+3,+2,,,,,,,,,,+2,+3,,,,,+2,+3,,,,,+3,,,,+1,,,+1,,,,,,+2,,,,0
Libya,0,0,0,0,0,0,0,+1,0,0,0,,,,+1,,,,,,,,,,,,,,,,,,,,,,,,,,,+1,+1,,,,,,,,,,,,,,,+1,+2,+2,,,,,,,,,+7,+1,,,,+3,+2,+1,+1,+1,+1,,+5,+2,+1,+1,+2,,,+1,+1,+2,+1,+3,+1,+1,,+1,+1,+3,+3,+1,+1,+2,+4,+3,+9,+2,+1,+6,+3,+10,+3,+3,+8,+1,+5
Eswatini,+1,0,0,0,0,0,0,0,0,0,0,,,,,,,,,,+1,,,,,,,,,,,,,,,,,,,,,,,,,,+1,,,,,,,,,,,,,+1,,,,,,+1,,+1,+1,,+1,,,+3,,,,,+2,,,,+1,,+3,+1,,+2,,,,+1,,,,+2,+1,+1,+3,,,+4,+2,+5,+1,,+1,+2,,+2,+4,+4,+2,+1,0
French Polynesia,0,0,0,0,0,0,0,0,0,0,0,,,,,,,,,,,,,,,,,,,,,,,,,,,,,,,,,,,,,,,,,,,,,,,,,,,,,,,,,,,,,,,,,,,,,,,,,,,,,,,,,,,,,,,,,,,,,,,,,,,,,,,,0
Guinea-Bissau,0,0,0,0,0,0,0,0,0,0,+1,,,,,,,,,,+1,,,+1,,,,,,,+1,,,+2,,,,,,+1,,,+1,,,,,,,,+4,,,,,,,+3,,,,,,,+2,,,+2,,,,+3,,,+2,,,,+1,,,,,,,+1,,,,,,,,,,,,,,,,,,,,,,+1,,,,,,,+2
Nepal,0,0,0,0,0,0,0,0,0,0,0,,,,,,,,,,,,,,,,,,,,+1,+1,,,,+1,,,,+1,,,+1,+1,,+2,,,+1,+1,+1,+2,,+1,+1,,,+1,+2,+1,,,+1,+2,,,+1,,+1,,+2,+1,+1,,+1,,+1,+1,+1,+2,,+1,,,,,+3,,,,+1,,+1,,,,,+2,+1,+1,+1,,+3,+1,,+3,+4,,+1,,+1,+2,+5,+5,+3
Chad,0,0,0,0,0,0,0,0,0,0,0,,+2,,+3,,+5,,,+7,,+10,+1,+3,,,+9,+2,+4,+2,+2,+3,,+3,+1,+1,,+2,,+1,+1,+2,+1,,,,+1,,,,+2,+1,,+1,+1,+1,,,,+1,,+1,,,,,,,,,,,,,,,,,,,,,,,,,,+1,,,,,,,,,,,,,,,,,,,,,,,,,+1,,0
Macao,0,0,0,0,0,0,0,0,0,0,0,,,,,,,,,,,,,,,,,,,,,,,,,,,,,,,,,,,,,,,,,,,,,,,,,,,,,,,,,,,,,,,,,,,,,,,,,,,,,,,,,,,,,,,,,,,,,,,,,,,,,,,,0
Syria,0,0,0,+1,0,0,0,0,0,0,0,,,,,,,,,,,,,,,,,,,,,,,,,,+1,,,,,,,,,+1,,+1,,,,,,,,,,,,,,,+1,,,,,,,,,+1,+1,,,,,,+1,,+3,+1,,,,+2,,,+3,+2,+1,,+3,,,+4,+2,+1,+3,,+1,+2,+2,,,+1,+2,,+1,+2,,+2,,,+2
Eritrea,0,0,0,0,0,0,0,0,0,0,0,,,,,,,,,,,,,,,,,,,,,,,,,,,,,,,,,,,,,,,,,,,,,,,,,,,,,,,,,,,,,,,,,,,,,,,,,,,,,,,,,,,,,,,,,,,,,,,,,,,,,,,,0
Saint Martin,0,0,0,0,0,0,0,0,+1,0,0,,,,,,,,,,,,,,,,,,,,,,,,,,,,,,,,,,,,,,,,,,,,,,,,,,,,,,,,,,,,,,,,,,,,,,,,,,,,,,,,,,,,,,,,,,,,,,,,,,,,,,,,0
Mongolia,0,0,0,0,0,0,0,0,0,0,0,,,,,,,,,,,,,,,,,,,,,,,,,,,,,,,,,,,,,,,,,,,,,,,,,,,,,,,,,,,,,,,,,,,,,,,,,,,,,,,,,,,,,,,,,,,,,,,,,,,,,,,,0
Malawi,0,0,0,0,0,0,+1,0,0,0,0,,,,,,,,,,,,,,,,,,,,,,,,,,,,+1,,,,,,,,,,,,,,,,,,,,+1,+1,,,,+2,,,+3,,,,+1,+1,,,,+1,+2,,,+1,,+2,,+5,+1,+6,+2,+5,+1,+1,+3,+8,+4,,+4,+3,+2,+7,+5,+11,+7,+5,,+4,,+4,+7,+6,+3,,+5,+8,+1,,+6
Zimbabwe,0,0,0,0,0,0,+1,0,0,0,0,,,,,,,,,,,,,,,,,,,,,,,,,,,,,,,,,,,,,,,,,,,,,,,,,,,,,,,,+2,,,,,,,,+1,,,,,+1,,+1,,,+3,+1,+5,,+1,+1,,+3,+1,+1,,+1,,,+2,+4,+2,,+2,+4,+1,+12,+14,+2,+1,+10,+1,,+3,+18,0
Angola,0,0,0,0,0,0,0,0,0,0,0,,,,,,,,,,,,,,,,,,,,,,+1,,,,,+1,,,,,,,,,,,,,,,,,,,+1,,+1,,,,+1,+1,,+1,,+1,,,,,,+1,,+2,+2,+2,+1,+1,,,+2,,+1,+1,,+2,+1,,+1,+1,+1,,,,+1,+3,,+2,+4,+1,+1,+6,+1,+3,+1,+2,+1,+3,+1,+3,+2,+3,+3
Antigua and Barbuda,+1,0,0,0,0,0,0,0,0,0,0,,,,,,,,,,,,,,,,,,,,,,,,,,,,,,,,,,,,,,,,,,,,,,,,,,,,,,,,,,,,,,,,,,,,,,,,,,,,,,,,,,,,,,,,,,,,,,,,,,,,,,,,0
Timor-Leste,0,0,0,0,0,0,0,0,0,0,0,,,,,,,,,,,,,,,,,,,,,,,,,,,,,,,,,,,,,,,,,,,,,,,,,,,,,,,,,,,,,,,,,,,,,,,,,,,,,,,,,,,,,,,,,,,,,,,,,,,,,,,,0
Botswana,0,0,0,0,0,0,0,0,0,0,0,,,,,,,,,,,,,,,,,,,,,,,,,,,,,,,,,,,,,,,,,,,,,,,,,,,,,,,,,,,,,,,,,,,,,,,,,,,,,,,,,,,,,,,,,,,,+1,,,,,,,,,,,,0
CAR,0,0,0,0,0,0,0,0,0,0,0,,,,,,,,,,,,,,,,,,,,,,,,,,,+1,,,,,,,,+1,+2,,,,,+1,,,,,,+2,,,,+7,+4,+1,,,+4,+7,+7,+1,+2,,+5,,+2,,,,+1,,,+4,,,,+1,,,,,,,,+2,,,,+2,+1,+1,,,,,,,,,,,,,,,0
Laos,0,0,0,0,0,0,0,0,0,0,0,,,,,,,,,,,,,,,,,,,,,,,,,,,,,,,,,,,,,,,,,,,,,,,,,,,,,,,,,,,,,,,,,,,,,,,,,,,,,,,,,,,,,,,,,,,,,,,,,,,,,,,,0
Belize,0,0,0,0,0,0,0,0,0,0,0,,,,,,,,,,,,,,,,,,,,,,,,,,,,,,,,,,,,,,,,,,,,,,,,,,,,,,,,,,,,,,,,,,,,,,,,,,,,,,,,,,,,,,,,,,,,,,,,,,,,,,,,0
Fiji,0,0,0,0,0,0,0,0,0,0,0,,,,,,,,,,,,,,,,,,,,,,,,,,,,,,,,,,,,,,,,,,,,,,,,,,,,,,,,,,,,,,,,,,,,,,,,,,,,,,,,,,,,,,,,,,,,,,,,+1,,,,,,,,0
Grenada,0,0,0,0,0,0,0,0,0,0,0,,,,,,,,,,,,,,,,,,,,,,,,,,,,,,,,,,,,,,,,,,,,,,,,,,,,,,,,,,,,,,,,,,,,,,,,,,,,,,,,,,,,,,,,,,,,,,,,,,,,,,,,0
New Caledonia,0,0,0,0,0,0,0,0,0,0,0,,,,,,,,,,,,,,,,,,,,,,,,,,,,,,,,,,,,,,,,,,,,,,,,,,,,,,,,,,,,,,,,,,,,,,,,,,,,,,,,,,,,,,,,,,,,,,,,,,,,,,,,0
CuraÃ§ao,0,0,0,0,0,0,0,0,0,0,0,,,,,,,,,,,,,,,,,,,,,,,,,,,,,,,,,,,,,,,,,,,,,,,,,,,,,,,,,,,,,,,,,,,,,,,,,,,,,,,,,,,,,,,,,,,,,,,,,,,,,,,,0
Dominica,0,0,0,0,0,0,0,0,0,0,0,,,,,,,,,,,,,,,,,,,,,,,,,,,,,,,,,,,,,,,,,,,,,,,,,,,,,,,,,,,,,,,,,,,,,,,,,,,,,,,,,,,,,,,,,,,,,,,,,,,,,,,,0
Namibia,0,0,0,0,0,0,0,0,0,0,0,,,,,,,,,,,,,,,,,,,,,,,,,,,,,,,,,,,,,,,,,,,,,,,,,,,,,,,,,,,,,,,,,,,,,,,,,,,+1,,,,+1,,,,,+1,+1,+3,,,,,+1,,,+1,+1,,+1,,+1,,,+3,+1,0
Saint Kitts and Nevis,0,0,0,0,0,0,0,0,0,0,0,,,,,,,,,,,,,,,,,,,,,,,,,,,,,,,,,,,,,,,,,,,,,,,,,,,,,,,,,,,,,,,,,,,,,,,,,,,,,,,,,,,,,,,,,,,,,,,,,,,,,,,,0
Saint Lucia,0,0,0,0,0,0,0,0,0,0,0,,,,,,,,,,,,,,,,,,,,,,,,,,,,,,,,,,,,,,,,,,,,,,,,,,,,,,,,,,,,,,,,,,,,,,,,,,,,,,,,,,,,,,,,,,,,,,,,,,,,,,,,0
St. Vincent Grenadines,0,0,0,0,0,0,0,0,0,0,0,,,,,,,,,,,,,,,,,,,,,,,,,,,,,,,,,,,,,,,,,,,,,,,,,,,,,,,,,,,,,,,,,,,,,,,,,,,,,,,,,,,,,,,,,,,,,,,,,,,,,,,,0
Nicaragua,0,0,+1,0,0,0,0,+1,0,0,0,,,,,,,,+2,,,,,,,,+3,,,,,,,+9,,,,,,,+18,,,,,,,+11,,,,,,,+9,,,,,,,+9,,,,,,,+10,,,,,,,+9,,,,,,,+8,,,,,,,+8,,,,,,,+9,,,,,,,+8,,,,,,,+7,,,,0
Falkland Islands,0,0,0,0,0,0,0,0,0,0,0,,,,,,,,,,,,,,,,,,,,,,,,,,,,,,,,,,,,,,,,,,,,,,,,,,,,,,,,,,,,,,,,,,,,,,,,,,,,,,,,,,,,,,,,,,,,,,,,,,,,,,,,0
Burundi,0,0,0,0,0,0,0,0,0,0,0,,,,,,,,,,,,,,,,,,,,,,,,,,,,,,,,,,,,,,,,,,,,,,,,,,,,,,,,,,,,,,,,,,,,,,,,,,,,,,,,,,,,,,,,,,,,,,,,,,,,,,,,0
Montserrat,0,0,0,0,0,0,0,0,0,+1,0,,,,,,,,,,,,,,,,,,,,,,,,,,,,,,,,,,,,,,,,,,,,,,,,,,,,,,,,,,,,,,,,,,,,,,,,,,,,,,,,,,,,,,,,,,,,,,,,,,,,,,,,0
Turks and Caicos,0,0,0,0,0,0,0,0,0,0,0,,,,,,,,,,,,,,,,,,,,,,,,,,,,,,,,,,,,,,,,,,,,,,,,,,,,,,,,,,,,,,,,,+1,,,,,,,,,,,,,,,,,,,,,,,,,,,,,,,,,,,,,,,0
Greenland,0,0,0,0,0,0,0,0,0,0,0,,,,,,,,,,,,,,,,,,,,,,,,,,,,,,,,,,,,,,,,,,,,,,,,,,,,,,,,,,,,,,,,,,,,,,,,,,,,,,,,,,,,,,,,,,,,,,,,,,,,,,,,0
Seychelles,0,0,0,0,0,0,0,0,0,0,0,,,,,,,,,,,,,,,,,,,,,,,,,,,,,,,,,,,,,,,,,,,,,,,,,,,,,,,,,,,,,,,,,,,,,,,,,,,,,,,,,,,,,,,,,,,,,,,,,,,,,,,,0
Gambia,0,0,0,0,0,0,0,0,0,0,0,,,,,,,,,,,,,,,,,,,,,,,,,,,,,,,,,,,,,,,,,,,,,,,,,,,,,,,,+1,,,,,,,,,,,,,,,+1,,,,,,,,,,,,+1,,,,+1,,+1,,,+2,,,,+1,,,,+5,+2,,+3,0
Suriname,0,0,0,0,0,0,0,0,0,0,0,,,,,,,,,,,,,,,,,,,,,,,,,,,,,,,,,,,,,,,,,,,+1,,,,+1,,,+2,+1,,+1,+1,,,,+1,,+1,,+1,,+2,,,,,+1,,,+1,+2,,+1,,,,,,,+1,+1,+1,,,,+2,,,,+1,,+2,,,,+1,,,,+2,,0
MS Zaandam,0,0,0,0,0,0,0,0,0,0,0,,,,,,,,,,,,,,,,,,,,,,,,,,,,,,,,,,,,,,,,,,,,,,,,,,,,,,,,,,,,,,,,,,,,,,,,,,,,,,,,,,,,,,,,,,,,,,,,,,,,,,,,0
Vatican City,0,0,0,0,0,0,0,0,0,0,0,,,,,,,,,,,,,,,,,,,,,,,,,,,,,,,,,,,,,,,,,,,,,,,,,,,,,,,,,,,,,,,,,,,,,,,,,,,,,,,,,,,,,,,,,,,,,,,,,,,,,,,,0
Papua New Guinea,0,0,0,0,0,0,0,0,0,0,0,,,,,,,,,,,,,,,,,,,,,,,,,,,,,,,,,,,,,,,,,,,,,,,,,,,,,,,,,,,,,,,,,,,,,,,,,,,,,,,,,,,,,+1,,,,,,,,,+2,,,,,,,,+1,,0
Mauritania,0,0,0,0,0,0,0,0,0,0,0,,,,,,,,,,,,,,,,,+1,,+1,+1,,,,,+1,+1,,,+3,+4,+3,+3,+1,,+3,,+8,+3,+5,+4,+6,+6,+4,+2,+10,+3,+7,+2,+4,+4,+2,+2,+2,+5,+6,+3,+1,+2,+2,+3,+1,+1,+5,+2,+1,,,,,+1,+3,+2,+4,+5,+2,+1,,,,,+1,+1,+2,+2,,,,+1,,,,,,,+1,,,,,,,,,0
Bhutan,0,0,0,0,0,0,0,0,0,0,0,,,,,,,,,,,,,,,,,,,,,,,,,,,,,,,,,,,,,,,,,,,,,,,,,,,,,,,,,,,,,,,,,,,,,,,,,,,,,,,,,,,,,,,,,,,,,,,,,,,,,,,,0
British Virgin Islands,0,0,0,+1,0,0,0,0,0,0,0,,,,,,,,,,,,,,,,,,,,,,,,,,,,,,,,,,,,,,,,,,,,,,,,,,,,,,,,,,,,,,,,,,,,,,,,,,,,,,,,,,,,,,,,,,,,,,,,,,,,,,,,0
St. Barth,0,0,0,0,0,0,0,0,0,0,0,,,,,,,,,,,,,,,,,,,,,,,,,,,,,,,,,,,,,,,,,,,,,,,,,,,,,,,,,,,,,,,,,,,,,,,,,,,,,,,,,,,,,,,,,,,,,,,,,,,,,,,,0
South Sudan,0,0,0,0,0,0,0,0,0,0,0,,,,,,,,,,,,,,,,,,,+4,,,,,,,+2,+2,,,,+2,,,,,,,,,,,+4,+5,,,+5,,+3,,,+3,+1,+1,+2,,,+1,+1,,,,,,,+2,,,,,,,,,,,,,+3,,,,+2,,,+2,,,,,,,+1,,,,,,,,+1,,,,0
Western Sahara,0,0,0,0,0,0,0,0,0,0,0,,,,,,,,,,,,,,,,,,,,,,,,,,,,,,+1,,,,,,,,,,,,,,,,,,,,,,,,,,,,,,,,,,,,,,,,,,,,,,,,,,,,,,,,,,,,,,,,,,,,,,,,,,0
Caribbean Netherlands,0,0,0,0,0,0,0,0,0,0,0,,,,,,,,,,,,,,,,,,,,,,,,,,,,,,,,,,,,,,,,,,,,,,,,,,,,,,,,,,,,,,,,,,,,,,,,,,,,,,,,,,,,,,,,,,,,,,,,,,,,,,,,0
Sao Tome and Principe,0,0,0,0,0,0,0,0,0,0,0,,,,,+1,,,+2,,,+1,+1,,,,,+1,+1,,,,,+1,,,,,,+3,+1,,,,,,,,,,,,,,,,,,,,,,,,,,,,,+1,,,,,,,,,,,,,,,+1,,,,,,,,,,,,,,,,,,,,+1,,,,,,,,,,0
Anguilla,0,0,0,0,0,0,0,0,0,0,0,,,,,,,,,,,,,,,,,,,,,,,,,,,,,,,,,,,,,,,,,,,,,,,,,,,,,,,,,,,,,,,,,,,,,,,,,,,,,,,,,,,,,,,,,,,,,,,,,,,,,,,,0
Saint Pierre Miquelon,0,0,0,0,0,0,0,0,0,0,0,,,,,,,,,,,,,,,,,,,,,,,,,,,,,,,,,,,,,,,,,,,,,,,,,,,,,,,,,,,,,,,,,,,,,,,,,,,,,,,,,,,,,,,,,,,,,,,,,,,,,,,,0
Yemen,0,0,0,0,0,0,0,0,0,0,0,,,,+2,,,,,+2,+1,,+2,,+1,+1,+1,+2,,+3,+3,+2,,+8,+2,+3,,+6,+3,+2,+5,+4,+4,+8,+12,+3,+4,+3,+8,+8,+8,,+1,,+15,+2,+7,+3,+21,+4,+44,+6,+30,+4,+3,+3,+2,+1,+4,+13,+14,+5,+3,+6,+2,+8,+6,+7,+10,+2,+1,+7,+3,+3,+10,+3,+1,+52,+7,+5,+4,+5,+2,+3,+2,+2,+9,+2,+3,+8,+5,+5,+4,+1,+1,+2,+6,+1,+3,+2,+7,+2,,+4,0
Tajikistan,,,,,,,,,,,,,,,,,,,,,,,,,,,,,,,,,,,,,,,,,,,,,,,,,,,,,,,,,+1,,+1,,,,+1,,,+1,,,,,,,,,,,,,,,+1,,,+1,,+1,,,,+1,,,,+1,,,,+1,,,+1,,+1,,,,,,+1,,,,+1,,0
Comoros,,,,,,,,,,,,,,,,,,,,,,,,,,,,,,,,,,,,,,,,,,,,,,,,,,,,,,,,,,,,,,+1,,+2,,,,,+2,,,,,,,,,,,,,,,,,,,,,,,,,,,,,,,,,,,,,,,,,,,,,,0
Lesotho,,,,,,,,,,,,,,,,,,,,,,,,,,,,,,,,,,,,,,,,,,,,,,,,,,,,,,,,,,,,,,,,,,,,,,,,,,,,,,,,,,,,,+1,,,+1,+1,,,,+3,,,,,,,,+3,+3,,,+1,,,+1,+5,,+2,,+2,,0
